Top pages,Clicks,Impressions,CTR,Position
https://lets-plot.org/,3696,45001,8.21%,36.95
https://lets-plot.org/pages/charts.html,1202,24334,4.94%,21.14
https://lets-plot.org/python/pages/api.html,690,34801,1.98%,22.85
https://lets-plot.org/python/pages/charts.html,440,10262,4.29%,24.11
https://lets-plot.org/python/pages/api/lets_plot.theme.html,267,2980,8.96%,22.8
https://lets-plot.org/pages/api/lets_plot.theme.html,248,2674,9.27%,23.88
https://lets-plot.org/python/index.html,246,17436,1.41%,13.6
https://lets-plot.org/python/pages/api/lets_plot.geom_bar.html,204,10151,2.01%,12.34
https://lets-plot.org/pages/api/lets_plot.ggsave.html,184,9712,1.89%,12.89
https://lets-plot.org/python/pages/api/lets_plot.geom_smooth.html,180,22209,0.81%,11.07
https://lets-plot.org/pages/api.html,178,7196,2.47%,19.61
https://lets-plot.org/python/pages/api/lets_plot.scale_fill_brewer.html,164,11536,1.42%,9.61
https://lets-plot.org/python/pages/api/lets_plot.geom_line.html,164,11530,1.42%,11.98
https://lets-plot.org/kotlin/index.html,157,2861,5.49%,14.57
https://lets-plot.org/python/pages/api/lets_plot.geom_ribbon.html,150,9798,1.53%,9.5
https://lets-plot.org/python/pages/api/lets_plot.geom_vline.html,149,12555,1.19%,9.52
https://lets-plot.org/python/pages/api/lets_plot.geom_point.html,146,10236,1.43%,13.12
https://lets-plot.org/python/pages/api/lets_plot.geom_text.html,142,11476,1.24%,10.62
https://lets-plot.org/pages/formats.html,140,2250,6.22%,22.35
https://lets-plot.org/python/pages/api/lets_plot.facet_wrap.html,135,5814,2.32%,15.55
https://lets-plot.org/python/pages/api/lets_plot.scale_color_manual.html,129,3251,3.97%,10.45
https://lets-plot.org/python/pages/api/lets_plot.LetsPlot.html,128,2622,4.88%,6.36
https://lets-plot.org/python/pages/api/lets_plot.geom_histogram.html,116,5286,2.19%,14.61
https://lets-plot.org/pages/maps.html,114,9392,1.21%,19.23
https://lets-plot.org/python/pages/api/lets_plot.ggsave.html,112,5531,2.02%,14.25
https://lets-plot.org/python/pages/api/lets_plot.geom_boxplot.html,109,3069,3.55%,15.06
https://lets-plot.org/python/pages/api/lets_plot.scale_linetype_manual.html,108,4988,2.17%,7.13
https://lets-plot.org/python/pages/api/lets_plot.geom_label.html,107,5393,1.98%,10.26
https://lets-plot.org/python/pages/api/lets_plot.geom_rect.html,106,5683,1.87%,9.05
https://lets-plot.org/python/pages/api/lets_plot.scale_fill_manual.html,101,10500,0.96%,8.76
https://lets-plot.org/python/pages/api/lets_plot.ggsize.html,101,1539,6.56%,22.68
https://lets-plot.org/python/pages/api/lets_plot.scale_x_datetime.html,99,2669,3.71%,11.59
https://lets-plot.org/python/pages/api/lets_plot.geom_pointrange.html,98,4753,2.06%,8.19
https://lets-plot.org/python/pages/api/lets_plot.scale_y_continuous.html,95,5524,1.72%,9.94
https://lets-plot.org/python/pages/as_discrete.html,95,1983,4.79%,11.12
https://lets-plot.org/python/pages/api/lets_plot.gggrid.html,87,746,11.66%,12.8
https://lets-plot.org/pages/api/lets_plot.facet_wrap.html,86,2085,4.12%,21.82
https://lets-plot.org/python/pages/api/lets_plot.geom_segment.html,83,8342,0.99%,9.88
https://lets-plot.org/python/pages/api/lets_plot.geom_tile.html,77,3843,2%,9.7
https://lets-plot.org/python/pages/api/lets_plot.geom_crossbar.html,74,1436,5.15%,5.9
https://lets-plot.org/pages/api/lets_plot.scale_x_datetime.html,73,1564,4.67%,11.55
https://lets-plot.org/python/pages/gallery.html,64,9187,0.7%,5.26
https://lets-plot.org/python/pages/api/lets_plot.geom_abline.html,64,7606,0.84%,9.35
https://lets-plot.org/python/pages/api/lets_plot.geom_area.html,63,2467,2.55%,9.35
https://lets-plot.org/python/pages/api/lets_plot.geom_hline.html,62,9347,0.66%,9.82
https://lets-plot.org/python/pages/api/lets_plot.scale_size_manual.html,62,1492,4.16%,7.33
https://lets-plot.org/python/pages/api/lets_plot.geom_density.html,61,3144,1.94%,11.5
https://lets-plot.org/pages/api/lets_plot.geom_smooth.html,60,6409,0.94%,17.31
https://lets-plot.org/pages/api/lets_plot.geom_line.html,59,3325,1.77%,17.65
https://lets-plot.org/python/pages/api/lets_plot.scale_color_discrete.html,58,3306,1.75%,8.06
https://lets-plot.org/python/pages/api/lets_plot.scale_fill_gradient2.html,57,3681,1.55%,8.92
https://lets-plot.org/python/pages/api/lets_plot.ggplot.html,57,2539,2.24%,36.92
https://lets-plot.org/pages/api/lets_plot.geom_bar.html,56,1131,4.95%,18.58
https://lets-plot.org/python/pages/api/lets_plot.layer_tooltips.html,54,674,8.01%,8.45
https://lets-plot.org/python/pages/api/lets_plot.facet_grid.html,53,2339,2.27%,13.58
https://lets-plot.org/pages/api/lets_plot.geom_histogram.html,53,1217,4.35%,18.6
https://lets-plot.org/python/pages/maps.html,52,3840,1.35%,19.59
https://lets-plot.org/python/pages/api/lets_plot.guide_legend.html,52,1364,3.81%,16.96
https://lets-plot.org/pages/api/lets_plot.LetsPlot.html,52,653,7.96%,6.74
https://lets-plot.org/pages/api/lets_plot.geom_pointrange.html,50,2607,1.92%,9.99
https://lets-plot.org/python/pages/api/lets_plot.element_text.html,50,2036,2.46%,9.29
https://lets-plot.org/pages/api/lets_plot.scale_color_manual.html,50,922,5.42%,13.12
https://lets-plot.org/pages/api/lets_plot.scale_fill_brewer.html,49,2749,1.78%,15.14
https://lets-plot.org/pages/as_discrete.html,48,412,11.65%,8.38
https://lets-plot.org/python/pages/api/lets_plot.scale_shape_manual.html,46,5593,0.82%,9.3
https://lets-plot.org/pages/api/lets_plot.scale_linetype_manual.html,46,2834,1.62%,9.57
https://lets-plot.org/pages/api/lets_plot.geom_ribbon.html,44,2518,1.75%,14.26
https://lets-plot.org/python/pages/tooltips.html,43,2065,2.08%,7.02
https://lets-plot.org/pages/api/lets_plot.geom_text.html,42,3246,1.29%,17.25
https://lets-plot.org/pages/api/lets_plot.geom_crossbar.html,42,1229,3.42%,7.47
https://lets-plot.org/python/pages/api/lets_plot.ggtitle.html,41,4115,1%,11.73
https://lets-plot.org/python/pages/api/lets_plot.geom_dotplot.html,39,2366,1.65%,10.12
https://lets-plot.org/python/pages/api/lets_plot.scale_fill_discrete.html,37,3719,0.99%,8.61
https://lets-plot.org/python/pages/api/lets_plot.scale_y_log2.html,37,553,6.69%,25.54
https://lets-plot.org/python/pages/api/lets_plot.aes.html,37,402,9.2%,23.06
https://lets-plot.org/python/pages/api/lets_plot.geom_errorbar.html,36,2919,1.23%,11.65
https://lets-plot.org/pages/api/lets_plot.geom_boxplot.html,36,897,4.01%,22.13
https://lets-plot.org/python/pages/api/lets_plot.geom_density2d.html,36,672,5.36%,10.1
https://lets-plot.org/pages/api/lets_plot.ggsize.html,36,211,17.06%,19.64
https://lets-plot.org/pages/api/lets_plot.geom_abline.html,35,6718,0.52%,10.83
https://lets-plot.org/kotlin/formats.html,35,3244,1.08%,15.24
https://lets-plot.org/python/pages/api/lets_plot.geom_bin2d.html,34,1525,2.23%,8.14
https://lets-plot.org/pages/no_js_and_offline_mode.html,33,1485,2.22%,14.28
https://lets-plot.org/python/pages/api/lets_plot.geom_violin.html,33,1481,2.23%,13.26
https://lets-plot.org/pages/api/lets_plot.geom_point.html,32,1894,1.69%,26.8
https://lets-plot.org/python/pages/formats.html,31,1023,3.03%,34.11
https://lets-plot.org/pages/api/lets_plot.geom_vline.html,30,5568,0.54%,12.42
https://lets-plot.org/pages/api/lets_plot.scale_fill_manual.html,30,2159,1.39%,12.29
https://lets-plot.org/pages/basemap_tiles.html,30,1134,2.65%,21.7
https://lets-plot.org/pages/tooltips.html,30,230,13.04%,13.23
https://lets-plot.org/python/pages/api/lets_plot.scale_color_gradient2.html,29,1560,1.86%,8.64
https://lets-plot.org/python/pages/api/lets_plot.geom_freqpoly.html,29,1433,2.02%,10.16
https://lets-plot.org/python/pages/api/lets_plot.coord_fixed.html,29,987,2.94%,9.15
https://lets-plot.org/python/pages/api/lets_plot.xlab.html,29,494,5.87%,30.55
https://lets-plot.org/python/pages/api/lets_plot.guides.html,29,234,12.39%,8.44
https://lets-plot.org/python/pages/api/lets_plot.scale_y_discrete.html,28,2221,1.26%,9.02
https://lets-plot.org/python/pages/api/lets_plot.scale_alpha_manual.html,28,1362,2.06%,7.38
https://lets-plot.org/kotlin/get-started.html,28,806,3.47%,16.46
https://lets-plot.org/python/pages/geopandas.html,27,5885,0.46%,23.72
https://lets-plot.org/python/pages/api/lets_plot.geom_polygon.html,27,2402,1.12%,22.9
https://lets-plot.org/pages/sampling.html,27,1945,1.39%,7.63
https://lets-plot.org/pages/api/lets_plot.geom_label.html,26,1740,1.49%,13.89
https://lets-plot.org/python/pages/api/lets_plot.scale_color_brewer.html,26,1423,1.83%,10.04
https://lets-plot.org/pages/api/lets_plot.scale_y_continuous.html,25,966,2.59%,15.45
https://lets-plot.org/python/pages/api/lets_plot.geom_map.html,25,921,2.71%,9.25
https://lets-plot.org/kotlin/charts.html,24,714,3.36%,9.42
https://lets-plot.org/python/pages/api/lets_plot.geom_raster.html,23,2108,1.09%,11.22
https://lets-plot.org/python/pages/api/lets_plot.scale_fill_continuous.html,23,1840,1.25%,8.2
https://lets-plot.org/pages/api/lets_plot.layer_tooltips.html,23,251,9.16%,20.26
https://lets-plot.org/pages/api/lets_plot.geom_segment.html,22,2926,0.75%,12.96
https://lets-plot.org/pages/api/lets_plot.scale_size_manual.html,22,1058,2.08%,8.6
https://lets-plot.org/python/pages/api/lets_plot.geom_step.html,22,926,2.38%,9.96
https://lets-plot.org/python/pages/api/lets_plot.scale_color_identity.html,22,643,3.42%,7.45
https://lets-plot.org/pages/api/lets_plot.geom_bin2d.html,21,1023,2.05%,10.91
https://lets-plot.org/python/pages/api/lets_plot.scale_y_reverse.html,21,684,3.07%,8.6
https://lets-plot.org/pages/api/lets_plot.aes.html,21,204,10.29%,15.33
https://lets-plot.org/pages/api/lets_plot.mapping.as_discrete.html,21,146,14.38%,9.23
https://lets-plot.org/pages/geopandas.html,20,5162,0.39%,33.29
https://lets-plot.org/pages/api/lets_plot.geom_hline.html,20,2653,0.75%,10.78
https://lets-plot.org/python/pages/api/lets_plot.geom_jitter.html,20,1458,1.37%,10.02
https://lets-plot.org/python/pages/api/lets_plot.geom_linerange.html,20,1234,1.62%,8.93
https://lets-plot.org/python/pages/api/lets_plot.GGBunch.html,20,247,8.1%,6.82
https://lets-plot.org/python/pages/api/lets_plot.geom_path.html,19,1318,1.44%,9.92
https://lets-plot.org/python/pages/basemap_tiles.html,19,840,2.26%,20.01
https://lets-plot.org/pages/geocoding.html,18,3241,0.56%,8.72
https://lets-plot.org/python/pages/api/lets_plot.position_dodge.html,18,2140,0.84%,11.22
https://lets-plot.org/pages/api/lets_plot.geom_density.html,18,1132,1.59%,23.64
https://lets-plot.org/python/pages/api/lets_plot.bistro.corr.corr_plot.html,18,1062,1.69%,24.48
https://lets-plot.org/kotlin/api-reference/-lets--plot--kotlin/org.jetbrains.letsPlot.geom/index.html,18,763,2.36%,12.62
https://lets-plot.org/kotlin/-lets--plot--kotlin/org.jetbrains.letsPlot.geom/index.html,18,747,2.41%,24.05
https://lets-plot.org/python/pages/advanced_geocoding.html,18,381,4.72%,26.28
https://lets-plot.org/python/pages/api/lets_plot.position_jitterdodge.html,17,977,1.74%,10.06
https://lets-plot.org/python/pages/api/lets_plot.scale_fill_hue.html,17,373,4.56%,7.37
https://lets-plot.org/kotlin/api-reference/-lets--plot--kotlin/org.jetbrains.letsPlot.themes/index.html,17,212,8.02%,6.97
https://lets-plot.org/python/pages/api/lets_plot.scale_x_discrete.html,16,1137,1.41%,8.38
https://lets-plot.org/kotlin/api-reference/-lets--plot--kotlin/org.jetbrains.letsPlot.scale/scale-fill-gradient.html,16,350,4.57%,17.54
https://lets-plot.org/pages/api/lets_plot.xlab.html,16,78,20.51%,13.96
https://lets-plot.org/pages/api/lets_plot.scale_y_discrete.html,15,978,1.53%,10.92
https://lets-plot.org/pages/api/lets_plot.position_jitter.html,15,663,2.26%,16.4
https://lets-plot.org/pages/api/lets_plot.scale_color_identity.html,15,514,2.92%,10.67
https://lets-plot.org/pages/api/lets_plot.GGBunch.html,15,203,7.39%,6.95
https://lets-plot.org/python/pages/api/lets_plot.geom_imshow.html,15,171,8.77%,14.27
https://lets-plot.org/python/pages/geocoding.html,14,3739,0.37%,11.55
https://lets-plot.org/pages/api/lets_plot.scale_shape_manual.html,14,3107,0.45%,10.74
https://lets-plot.org/python/pages/api/lets_plot.coord_cartesian.html,14,1227,1.14%,9.96
https://lets-plot.org/pages/api/lets_plot.scale_alpha_manual.html,14,903,1.55%,7.92
https://lets-plot.org/python/pages/api/lets_plot.scale_color_continuous.html,14,863,1.62%,8.29
https://lets-plot.org/kotlin/api-reference/-lets--plot--kotlin/org.jetbrains.letsPlot.scale/index.html,14,324,4.32%,11.33
https://lets-plot.org/pages/api/lets_plot.scale_fill_gradient2.html,13,1699,0.77%,11.47
https://lets-plot.org/pages/api/lets_plot.scale_color_gradient2.html,13,945,1.38%,10.21
https://lets-plot.org/pages/api/lets_plot.ggtitle.html,13,664,1.96%,18.41
https://lets-plot.org/python/pages/api/lets_plot.scale_x_time.html,13,425,3.06%,7.98
https://lets-plot.org/pages/api/lets_plot.geom_path.html,13,409,3.18%,13.95
https://lets-plot.org/python/pages/api/lets_plot.stat_summary.html,13,298,4.36%,12.95
https://lets-plot.org/pages/api/lets_plot.geom_freqpoly.html,12,564,2.13%,10.27
https://lets-plot.org/python/pages/no_js_and_offline_mode.html,12,489,2.45%,20.68
https://lets-plot.org/pages/api/lets_plot.element_text.html,12,467,2.57%,13.58
https://lets-plot.org/pages/api/lets_plot.guide_legend.html,12,163,7.36%,13.2
https://lets-plot.org/pages/api/lets_plot.geom_polygon.html,11,745,1.48%,21.73
https://lets-plot.org/pages/api/lets_plot.geom_violin.html,11,670,1.64%,18.32
https://lets-plot.org/kotlin/api-reference/-lets--plot--kotlin/org.jetbrains.letsPlot.scale/scale-color-viridis.html,11,617,1.78%,19.06
https://lets-plot.org/python/pages/api/lets_plot.bistro.qq.qq_plot.html,11,611,1.8%,33.57
https://lets-plot.org/pages/api/lets_plot.bistro.corr.corr_plot.html,11,369,2.98%,39.1
https://lets-plot.org/pages/advanced_geocoding.html,11,330,3.33%,17.6
https://lets-plot.org/python/pages/api/lets_plot.mapping.as_discrete.html,11,161,6.83%,5.96
https://lets-plot.org/python/pages/api/lets_plot.theme_minimal2.html,11,89,12.36%,10.66
https://lets-plot.org/pages/api/lets_plot.geom_rect.html,10,671,1.49%,14.1
https://lets-plot.org/python/pages/api/lets_plot.scale_x_log10.html,10,612,1.63%,16.74
https://lets-plot.org/pages/api/lets_plot.geom_density2d.html,10,408,2.45%,16.66
https://lets-plot.org/python/pages/sampling.html,10,362,2.76%,17.75
https://lets-plot.org/python/pages/aesthetics.html,10,321,3.12%,17.49
https://lets-plot.org/python/pages/api/lets_plot.scale_y_time.html,10,183,5.46%,11.18
https://lets-plot.org/python/pages/api/lets_plot.ggmarginal.html,9,1083,0.83%,8.67
https://lets-plot.org/python/pages/api/lets_plot.coord_flip.html,9,1038,0.87%,9.48
https://lets-plot.org/pages/api/lets_plot.geom_raster.html,9,553,1.63%,15.85
https://lets-plot.org/python/pages/api/lets_plot.scale_x_reverse.html,9,522,1.72%,9.84
https://lets-plot.org/kotlin/-lets--plot--kotlin/org.jetbrains.letsPlot.geom/geom-dotplot/index.html,9,372,2.42%,20.82
https://lets-plot.org/pages/api/lets_plot.ggplot.html,9,236,3.81%,42.51
https://lets-plot.org/python/pages/api/lets_plot.geom_band.html,9,38,23.68%,10.24
https://lets-plot.org/python/pages/api/lets_plot.position_jitter.html,8,1191,0.67%,15.52
https://lets-plot.org/pages/api/lets_plot.position_dodge.html,8,555,1.44%,15.57
https://lets-plot.org/pages/api/lets_plot.scale_x_time.html,8,369,2.17%,9.27
https://lets-plot.org/pages/api/lets_plot.geom_map.html,8,235,3.4%,13.87
https://lets-plot.org/pages/api/lets_plot.scale_color_continuous.html,8,218,3.67%,15.14
https://lets-plot.org/python/pages/annotations.html,8,108,7.41%,13.16
https://lets-plot.org/python/pages/api/lets_plot.geom_livemap.html,8,33,24.24%,10.97
https://lets-plot.org/pages/bistro.html,7,730,0.96%,12.01
https://lets-plot.org/kotlin/api-reference/-lets--plot--kotlin/org.jetbrains.letsPlot.geom/geom-dotplot/index.html,7,529,1.32%,13.07
https://lets-plot.org/python/pages/api/lets_plot.bistro.im.image_matrix.html,7,478,1.46%,14.12
https://lets-plot.org/pages/api/lets_plot.scale_fill_identity.html,7,436,1.61%,7.17
https://lets-plot.org/pages/api/lets_plot.scale_color_discrete.html,7,396,1.77%,9.63
https://lets-plot.org/python/pages/api/lets_plot.theme_minimal.html,7,381,1.84%,10.21
https://lets-plot.org/pages/api/lets_plot.coord_fixed.html,7,378,1.85%,11.19
https://lets-plot.org/pages/whats_new.html,7,360,1.94%,11.19
https://lets-plot.org/python/pages/api/lets_plot.geom_qq_line.html,7,295,2.37%,11.8
https://lets-plot.org/python/pages/api/lets_plot.guide_colorbar.html,7,231,3.03%,12.17
https://lets-plot.org/kotlin/-lets--plot--kotlin/org.jetbrains.letsPlot.scale/scale-discrete.html,7,174,4.02%,24.84
https://lets-plot.org/kotlin/api-reference/-lets--plot--kotlin/org.jetbrains.letsPlot.scale/scale-discrete.html,7,172,4.07%,24.18
https://lets-plot.org/python/pages/api/lets_plot.scale_linetype_identity.html,7,99,7.07%,19.81
https://lets-plot.org/python/pages/api/lets_plot.geom_spoke.html,7,93,7.53%,7.11
https://lets-plot.org/pages/api/lets_plot.scale_linetype_identity.html,7,86,8.14%,19.52
https://lets-plot.org/pages/api/lets_plot.tilesets.NASA_CITYLIGHTS_2012.html,7,46,15.22%,19.28
https://lets-plot.org/pages/api/lets_plot.coord_cartesian.html,6,826,0.73%,11.63
https://lets-plot.org/python/pages/api/lets_plot.scale_fill_identity.html,6,570,1.05%,8.12
https://lets-plot.org/pages/api/lets_plot.geom_area.html,6,477,1.26%,14.73
https://lets-plot.org/python/pages/api/lets_plot.scale_size_area.html,6,416,1.44%,9.39
https://lets-plot.org/pages/api/lets_plot.geom_qq_line.html,6,284,2.11%,11.21
https://lets-plot.org/pages/api/lets_plot.coord_map.html,6,160,3.75%,13.78
https://lets-plot.org/python/pages/api/lets_plot.scale_fill_viridis.html,6,98,6.12%,7.44
https://lets-plot.org/kotlin/api-reference/-lets--plot--kotlin/org.jetbrains.letsPlot.scale/scale-y-log2.html,6,72,8.33%,20.43
https://lets-plot.org/pages/api/lets_plot.gggrid.html,6,68,8.82%,8.15
https://lets-plot.org/index.html,6,34,17.65%,17.94
https://lets-plot.org/python/pages/api/lets_plot.scale_fill_grey.html,5,476,1.05%,8.15
https://lets-plot.org/pages/api/lets_plot.scale_fill_discrete.html,5,441,1.13%,16.7
https://lets-plot.org/pages/api/lets_plot.geom_linerange.html,5,361,1.39%,12.48
https://lets-plot.org/pages/api/lets_plot.position_jitterdodge.html,5,361,1.39%,13.48
https://lets-plot.org/python/pages/api/lets_plot.scale_color_grey.html,5,254,1.97%,12.69
https://lets-plot.org/python/pages/api/lets_plot.tilesets.CARTO_POSITRON.html,5,194,2.58%,14.94
https://lets-plot.org/kotlin/geospatial-charts.html,5,162,3.09%,19.43
https://lets-plot.org/pages/api/lets_plot.scale_y_time.html,5,130,3.85%,8.76
https://lets-plot.org/python/pages/api/lets_plot.bistro.waterfall.waterfall_plot.html,5,66,7.58%,15.68
https://lets-plot.org/kotlin/api-reference/-lets--plot--kotlin/org.jetbrains.letsPlot.geom/geom-spoke/index.html,5,66,7.58%,17.95
https://lets-plot.org/kotlin/api-reference/-lets--plot--kotlin/org.jetbrains.letsPlot.geom/geom-map/color.html,5,55,9.09%,50.96
https://lets-plot.org/kotlin/multiplot.html,5,48,10.42%,8.42
https://lets-plot.org/python/pages/api/lets_plot.coord_polar.html,5,34,14.71%,5.12
https://lets-plot.org/python/pages/api/lets_plot.geo_data.geocode_countries.html,5,29,17.24%,9.66
https://lets-plot.org/python/pages/api/lets_plot.margin.html,5,10,50%,2.2
https://lets-plot.org/python/pages/bistro.html,4,461,0.87%,28.47
https://lets-plot.org/pages/api/lets_plot.geom_step.html,4,171,2.34%,13.78
https://lets-plot.org/kotlin/as-discrete.html,4,136,2.94%,12.91
https://lets-plot.org/pages/api/lets_plot.plot.core.PlotSpec.html,4,111,3.6%,17.06
https://lets-plot.org/kotlin/api-reference/-lets--plot--kotlin/org.jetbrains.letsPlot/ggmarginal.html,4,65,6.15%,9.66
https://lets-plot.org/python/pages/api/lets_plot.geom_lollipop.html,4,59,6.78%,19.78
https://lets-plot.org/python/pages/api/lets_plot.scale_linewidth.html,4,55,7.27%,10.82
https://lets-plot.org/kotlin/api-reference/-lets--plot--kotlin/org.jetbrains.letsPlot.scale/scale-color-gradient.html,4,50,8%,19.36
https://lets-plot.org/pages/api/lets_plot.ylab.html,4,30,13.33%,27.13
https://lets-plot.org/python/pages/api/lets_plot.scale_y_log10.html,3,459,0.65%,10.51
https://lets-plot.org/pages/api/lets_plot.geom_errorbar.html,3,403,0.74%,19.32
https://lets-plot.org/python/pages/api/lets_plot.ylab.html,3,219,1.37%,42.3
https://lets-plot.org/kotlin/api-reference/-lets--plot--kotlin/org.jetbrains.letsPlot.font/font-metrics-adjustment.html,3,158,1.9%,62.72
https://lets-plot.org/kotlin/-lets--plot--kotlin/org.jetbrains.letsPlot.scale/index.html,3,145,2.07%,13.68
https://lets-plot.org/kotlin/api-reference/-lets--plot--kotlin/org.jetbrains.letsPlot.geom/geom-jitter/index.html,3,132,2.27%,24.14
https://lets-plot.org/python/pages/api/lets_plot.theme_classic.html,3,129,2.33%,11.43
https://lets-plot.org/kotlin/api-reference/-lets--plot--kotlin/org.jetbrains.letsPlot.themes/theme-classic.html,3,81,3.7%,12.1
https://lets-plot.org/python/pages/api/lets_plot.stat_summary_bin.html,3,75,4%,9.51
https://lets-plot.org/python/pages/eda.html,3,49,6.12%,29.63
https://lets-plot.org/kotlin/api-reference/-lets--plot--kotlin/org.jetbrains.letsPlot/-geom/histogram/histogram.html,3,46,6.52%,10.78
https://lets-plot.org/kotlin/api-reference/-lets--plot--kotlin/org.jetbrains.letsPlot.stat/stat-density2-d/stat-density2-d.html,3,45,6.67%,15.56
https://lets-plot.org/python/pages/api/lets_plot.sampling_systematic.html,3,42,7.14%,5.38
https://lets-plot.org/python/pages/api/lets_plot.stat_sum.html,3,41,7.32%,6.73
https://lets-plot.org/pages/api/lets_plot.sampling_systematic.html,3,38,7.89%,13
https://lets-plot.org/kotlin/api-reference/-lets--plot--kotlin/org.jetbrains.letsPlot.scale/ylim.html,3,32,9.38%,11.88
https://lets-plot.org/kotlin/-lets--plot--kotlin/org.jetbrains.letsPlot.scale/scale-fill-gradient.html,3,31,9.68%,20.48
https://lets-plot.org/kotlin/-lets--plot--kotlin/org.jetbrains.letsPlot/-geom/abline/index.html,3,30,10%,31.97
https://lets-plot.org/kotlin/-lets--plot--kotlin/org.jetbrains.letsPlot.scale/scale-color-viridis.html,3,24,12.5%,14.54
https://lets-plot.org/python/pages/api/lets_plot.geo_data.geocode_states.html,3,16,18.75%,4.06
https://lets-plot.org/kotlin/-lets--plot--kotlin/org.jetbrains.letsPlot.export/index.html,3,12,25%,4.58
https://lets-plot.org/kotlin/api-reference/-lets--plot--kotlin/org.jetbrains.letsPlot/-stat/boxplot/index.html,3,10,30%,4.1
https://lets-plot.org/pages/api/lets_plot.scale_x_reverse.html,2,317,0.63%,12.63
https://lets-plot.org/python/pages/api/lets_plot.coord_map.html,2,270,0.74%,9.71
https://lets-plot.org/pages/api/lets_plot.scale_fill_grey.html,2,253,0.79%,11.57
https://lets-plot.org/pages/api/lets_plot.scale_fill_hue.html,2,201,1%,10.88
https://lets-plot.org/pages/api/lets_plot.scale_y_reverse.html,2,169,1.18%,13.86
https://lets-plot.org/python/pages/api/lets_plot.scale_alpha.html,2,166,1.2%,10.7
https://lets-plot.org/kotlin/api-reference/-lets--plot--kotlin/org.jetbrains.letsPlot.geom/geom-text/hjust.html,2,157,1.27%,18.63
https://lets-plot.org/pages/api/lets_plot.scale_size_area.html,2,136,1.47%,13.79
https://lets-plot.org/python/pages/api/lets_plot.scale_shape_identity.html,2,109,1.83%,11.4
https://lets-plot.org/pages/api/lets_plot.scale_x_log10.html,2,93,2.15%,22.39
https://lets-plot.org/pages/api/lets_plot.scale_alpha.html,2,88,2.27%,11.88
https://lets-plot.org/pages/api/lets_plot.bistro.im.image_matrix.html,2,79,2.53%,16.19
https://lets-plot.org/kotlin/api-reference/-lets--plot--kotlin/org.jetbrains.letsPlot.geom/geom-bar/index.html,2,43,4.65%,16.49
https://lets-plot.org/python/pages/api/lets_plot.scale_gradient.html,2,37,5.41%,8.54
https://lets-plot.org/kotlin/-lets--plot--kotlin/org.jetbrains.letsPlot/ggmarginal.html,2,28,7.14%,8.14
https://lets-plot.org/python/pages/api/lets_plot.tilesets.NASA_CITYLIGHTS_2012.html,2,28,7.14%,19.93
https://lets-plot.org/kotlin/aesthetics.html,2,26,7.69%,6.42
https://lets-plot.org/python/pages/api/lets_plot.scale_x_discrete_reversed.html,2,24,8.33%,22.08
https://lets-plot.org/python/pages/api/lets_plot.layer_key.html,2,20,10%,13.8
https://lets-plot.org/pages/api/lets_plot.geom_livemap.html,2,19,10.53%,9.68
https://lets-plot.org/kotlin/api-reference/-lets--plot--kotlin/org.jetbrains.letsPlot.themes/theme/legend-justification.html,2,19,10.53%,19.95
https://lets-plot.org/kotlin/api-reference/-lets--plot--kotlin/org.jetbrains.letsPlot.geom/geom-error-bar/index.html,2,18,11.11%,16.89
https://lets-plot.org/kotlin/api-reference/-lets--plot--kotlin/org.jetbrains.letsPlot.scale/scale-shape.html,2,18,11.11%,17.33
https://lets-plot.org/kotlin/api-reference/-lets--plot--kotlin/org.jetbrains.letsPlot/ggplot.html,2,17,11.76%,43.94
https://lets-plot.org/kotlin/-lets--plot--kotlin/org.jetbrains.letsPlot.scale/ylim.html,2,15,13.33%,19.8
https://lets-plot.org/kotlin/api-reference/-lets--plot--kotlin/org.jetbrains.letsPlot.scale/scale-shape-identity.html,2,14,14.29%,5.36
https://lets-plot.org/kotlin/-lets--plot--kotlin/org.jetbrains.letsPlot.geom/geom-area-ridges/geom-area-ridges.html,2,13,15.38%,8.62
https://lets-plot.org/kotlin/api-reference/-lets--plot--kotlin/org.jetbrains.letsPlot.scale/scale-manual.html,2,12,16.67%,4.58
https://lets-plot.org/kotlin/presentation-options.html,2,9,22.22%,8
https://lets-plot.org/python/pages/api/lets_plot.geo_data.geocode_cities.html,2,8,25%,4.12
https://lets-plot.org/kotlin/api-reference/-lets--plot--kotlin/org.jetbrains.letsPlot.export/index.html,2,8,25%,7
https://lets-plot.org/kotlin/api-reference/-lets--plot--kotlin/org.jetbrains.letsPlot.stat/stat-q-q/d-params.html,2,7,28.57%,5.29
https://lets-plot.org/kotlin/api-reference/-lets--plot--kotlin/org.jetbrains.letsPlot/-geom/area/area.html,2,7,28.57%,28.71
https://lets-plot.org/pages/api/lets_plot.theme_minimal2.html,2,5,40%,5.4
https://lets-plot.org/pages/api/lets_plot.geo_data.geocode_states.html,2,5,40%,17.8
https://lets-plot.org/kotlin/-lets--plot--kotlin/org.jetbrains.letsPlot.spatial/-spatial-dataset/index.html,2,2,100%,1
https://lets-plot.org/python/pages/api/lets_plot.scale_x_continuous.html,2,2,100%,1
https://lets-plot.org/kotlin/api-reference/-lets--plot--kotlin/org.jetbrains.letsPlot/-stat/qq-line/qq-line.html,1,345,0.29%,6.24
https://lets-plot.org/python/pages/api/lets_plot.scale_brewer.html,1,281,0.36%,31.72
https://lets-plot.org/python/pages/api/lets_plot.scale_color_hue.html,1,209,0.48%,8.6
https://lets-plot.org/pages/api/lets_plot.scale_shape_identity.html,1,135,0.74%,9.53
https://lets-plot.org/python/pages/api/lets_plot.scale_gradientn.html,1,125,0.8%,19.53
https://lets-plot.org/kotlin/api-reference/-lets--plot--kotlin/org.jetbrains.letsPlot.bistro.joint/joint-plot.html,1,107,0.93%,23.19
https://lets-plot.org/kotlin/api-reference/-lets--plot--kotlin/org.jetbrains.letsPlot.scale/scale-fill-viridis.html,1,104,0.96%,18.4
https://lets-plot.org/pages/api/lets_plot.scale_color_grey.html,1,98,1.02%,13.26
https://lets-plot.org/python/pages/api/lets_plot.position_dodgev.html,1,77,1.3%,9.39
https://lets-plot.org/kotlin/api-reference/-lets--plot--kotlin/org.jetbrains.letsPlot.scale/scale-alpha-manual.html,1,67,1.49%,7.49
https://lets-plot.org/kotlin/api-reference/-lets--plot--kotlin/org.jetbrains.letsPlot.geom/geom-tile/geom-tile.html,1,65,1.54%,14.42
https://lets-plot.org/pages/api/lets_plot.position_dodgev.html,1,63,1.59%,10.62
https://lets-plot.org/kotlin/api-reference/-lets--plot--kotlin/org.jetbrains.letsPlot.coord/index.html,1,61,1.64%,6.31
https://lets-plot.org/kotlin/api-reference/-lets--plot--kotlin/org.jetbrains.letsPlot.stat/index.html,1,60,1.67%,16.73
https://lets-plot.org/kotlin/api-reference/-lets--plot--kotlin/org.jetbrains.letsPlot.label/ggtitle.html,1,51,1.96%,23.1
https://lets-plot.org/kotlin/api-reference/-lets--plot--kotlin/org.jetbrains.letsPlot.geom/geom-line/index.html,1,49,2.04%,11.57
https://lets-plot.org/pages/api/lets_plot.scale_linewidth.html,1,49,2.04%,12.08
https://lets-plot.org/python/pages/licenses.html,1,44,2.27%,16.02
https://lets-plot.org/pages/licenses.html,1,43,2.33%,18.84
https://lets-plot.org/kotlin/api-reference/-lets--plot--kotlin/org.jetbrains.letsPlot.geom/geom-area/index.html,1,42,2.38%,14.43
https://lets-plot.org/python/pages/api/lets_plot.theme_light.html,1,39,2.56%,9.41
https://lets-plot.org/kotlin/-lets--plot--kotlin/org.jetbrains.letsPlot.themes/theme-classic.html,1,39,2.56%,36.77
https://lets-plot.org/kotlin/api-reference/-lets--plot--kotlin/org.jetbrains.letsPlot.geom/geom-path/index.html,1,35,2.86%,13.57
https://lets-plot.org/python/pages/api/lets_plot.position_nudge.html,1,34,2.94%,10.56
https://lets-plot.org/python/pages/api/lets_plot.maptiles_lets_plot.html,1,34,2.94%,16.68
https://lets-plot.org/kotlin/api-reference/-lets--plot--kotlin/org.jetbrains.letsPlot/-geom/qq-line/index.html,1,33,3.03%,9.45
https://lets-plot.org/kotlin/api-reference/-lets--plot--kotlin/org.jetbrains.letsPlot/-geom/vline/index.html,1,33,3.03%,26.91
https://lets-plot.org/kotlin/api-reference/-lets--plot--kotlin/org.jetbrains.letsPlot.pos/position-stack.html,1,32,3.12%,24.53
https://lets-plot.org/python/pages/api/lets_plot.tilesets.CARTO_POSITRON_NO_LABELS_HIRES.html,1,30,3.33%,11.87
https://lets-plot.org/kotlin/api-reference/-lets--plot--kotlin/org.jetbrains.letsPlot/-g-g-bunch/index.html,1,29,3.45%,8.76
https://lets-plot.org/pages/api/lets_plot.tilesets.CARTO_POSITRON.html,1,29,3.45%,21.93
https://lets-plot.org/kotlin/api-reference/-lets--plot--kotlin/org.jetbrains.letsPlot.geom/geom-violin/geom-violin.html,1,29,3.45%,38.76
https://lets-plot.org/kotlin/api-reference/-lets--plot--kotlin/org.jetbrains.letsPlot.scale/scale-fill-manual.html,1,27,3.7%,13.26
https://lets-plot.org/pages/api/lets_plot.geom_imshow.html,1,26,3.85%,18.77
https://lets-plot.org/kotlin/api-reference/-lets--plot--kotlin/org.jetbrains.letsPlot.sampling/index.html,1,25,4%,11.92
https://lets-plot.org/kotlin/api-reference/-lets--plot--kotlin/org.jetbrains.letsPlot.coord/coord-map.html,1,22,4.55%,6.82
https://lets-plot.org/kotlin/-lets--plot--kotlin/org.jetbrains.letsPlot.geom/geom-histogram/index.html,1,21,4.76%,18.81
https://lets-plot.org/kotlin/api-reference/-lets--plot--kotlin/org.jetbrains.letsPlot.pos/index.html,1,20,5%,10.15
https://lets-plot.org/kotlin/-lets--plot--kotlin/org.jetbrains.letsPlot/-geom/index.html,1,20,5%,18.3
https://lets-plot.org/kotlin/api-reference/-lets--plot--kotlin/org.jetbrains.letsPlot/-g-g-bunch/to-spec.html,1,19,5.26%,7.58
https://lets-plot.org/kotlin/api-reference/-lets--plot--kotlin/org.jetbrains.letsPlot/-geom/raster/index.html,1,17,5.88%,13.24
https://lets-plot.org/pages/api/lets_plot.theme_classic.html,1,16,6.25%,22.06
https://lets-plot.org/kotlin/api-reference/-lets--plot--kotlin/org.jetbrains.letsPlot/-geom/histogram/index.html,1,15,6.67%,10.07
https://lets-plot.org/kotlin/api-reference/-lets--plot--kotlin/org.jetbrains.letsPlot.geom/geom-bar/geom-bar.html,1,15,6.67%,10.53
https://lets-plot.org/kotlin/api-reference/-lets--plot--kotlin/org.jetbrains.letsPlot.stat/stat-density-ridges/quantile.html,1,15,6.67%,13
https://lets-plot.org/kotlin/-lets--plot--kotlin/org.jetbrains.letsPlot.geom/geom-step/index.html,1,15,6.67%,13.67
https://lets-plot.org/python/pages/api/lets_plot.scale_manual.html,1,14,7.14%,5.79
https://lets-plot.org/kotlin/-lets--plot--kotlin/org.jetbrains.letsPlot.geom/geom-boxplot.html,1,14,7.14%,10.86
https://lets-plot.org/kotlin/-lets--plot--kotlin/org.jetbrains.letsPlot.geom/geom-density/index.html,1,14,7.14%,27.64
https://lets-plot.org/kotlin/api-reference/-lets--plot--kotlin/org.jetbrains.letsPlot.pos/position-dodge-v.html,1,14,7.14%,27.71
https://lets-plot.org/pages/api/lets_plot.geom_dotplot.html,1,13,7.69%,7.69
https://lets-plot.org/kotlin/api-reference/-lets--plot--kotlin/org.jetbrains.letsPlot.scale/scale-y-continuous.html,1,13,7.69%,28.31
https://lets-plot.org/kotlin/api-reference/-lets--plot--kotlin/org.jetbrains.letsPlot.geom/geom-function/size.html,1,13,7.69%,34.15
https://lets-plot.org/kotlin/api-reference/-lets--plot--kotlin/org.jetbrains.letsPlot.scale/scale-color-continuous.html,1,12,8.33%,10.75
https://lets-plot.org/kotlin/api-reference/-lets--plot--kotlin/org.jetbrains.letsPlot.scale/scale-x-time.html,1,11,9.09%,10.36
https://lets-plot.org/kotlin/api-reference/-lets--plot--kotlin/org.jetbrains.letsPlot.geom/geom-label/use-c-r-s.html,1,11,9.09%,13.55
https://lets-plot.org/kotlin/api-reference/-lets--plot--kotlin/org.jetbrains.letsPlot.geom/geom-dotplot/geom-dotplot.html,1,11,9.09%,15
https://lets-plot.org/kotlin/api-reference/-lets--plot--kotlin/org.jetbrains.letsPlot.scale/scale-color-discrete.html,1,11,9.09%,23.27
https://lets-plot.org/python/pages/api/lets_plot.element_geom.html,1,10,10%,3.4
https://lets-plot.org/kotlin/-lets--plot--kotlin/org.jetbrains.letsPlot.geom/geom-curve/index.html,1,10,10%,7.2
https://lets-plot.org/kotlin/-lets--plot--kotlin/org.jetbrains.letsPlot.scale/scale-size-identity.html,1,10,10%,7.8
https://lets-plot.org/kotlin/-lets--plot--kotlin/org.jetbrains.letsPlot.geom/geom-point-range/shape.html,1,10,10%,38.3
https://lets-plot.org/kotlin/-lets--plot--kotlin/org.jetbrains.letsPlot/-geom/errorbar/size.html,1,10,10%,52.8
https://lets-plot.org/pages/api/lets_plot.geo_data.geocode_countries.html,1,8,12.5%,4.25
https://lets-plot.org/kotlin/api-reference/-lets--plot--kotlin/org.jetbrains.letsPlot.geom/geom-y-dotplot/index.html,1,8,12.5%,17.88
https://lets-plot.org/kotlin/-lets--plot--kotlin/org.jetbrains.letsPlot.scale/xlim.html,1,8,12.5%,23.88
https://lets-plot.org/kotlin/-lets--plot--kotlin/org.jetbrains.letsPlot.themes/element-line.html,1,7,14.29%,4
https://lets-plot.org/kotlin/api-reference/-lets--plot--kotlin/org.jetbrains.letsPlot.annotations/layer-labels/line.html,1,7,14.29%,6
https://lets-plot.org/kotlin/api-reference/-lets--plot--kotlin/org.jetbrains.letsPlot.geom.extras/index.html,1,7,14.29%,6.86
https://lets-plot.org/kotlin/tooltips.html,1,7,14.29%,8.71
https://lets-plot.org/kotlin/api-reference/-lets--plot--kotlin/org.jetbrains.letsPlot.label/labs.html,1,7,14.29%,11.29
https://lets-plot.org/pages/api/lets_plot.coord_flip.html,1,7,14.29%,11.57
https://lets-plot.org/kotlin/api-reference/-lets--plot--kotlin/org.jetbrains.letsPlot/-geom/path/index.html,1,7,14.29%,21.57
https://lets-plot.org/kotlin/api-reference/-lets--plot--kotlin/org.jetbrains.letsPlot/-geom/text/index.html,1,6,16.67%,4.67
https://lets-plot.org/kotlin/-lets--plot--kotlin/org.jetbrains.letsPlot/-geom/bar/index.html,1,5,20%,3.4
https://lets-plot.org/kotlin/api-reference/-lets--plot--kotlin/org.jetbrains.letsPlot.bistro.waterfall/waterfall-plot.html,1,5,20%,3.4
https://lets-plot.org/kotlin/api-reference/-lets--plot--kotlin/org.jetbrains.letsPlot.tooltips/layer-tooltips/title.html,1,5,20%,5.8
https://lets-plot.org/kotlin/api-reference/-lets--plot--kotlin/org.jetbrains.letsPlot.geom/geom-band/index.html,1,5,20%,9.8
https://lets-plot.org/kotlin/-lets--plot--kotlin/org.jetbrains.letsPlot.font/font-metrics-adjustment.html,1,5,20%,44.8
https://lets-plot.org/kotlin/misc.html,1,4,25%,3
https://lets-plot.org/kotlin/api-reference/-lets--plot--kotlin/org.jetbrains.letsPlot/-lets-plot/frontend-context.html,1,4,25%,4.25
https://lets-plot.org/kotlin/api-reference/-lets--plot--kotlin/org.jetbrains.letsPlot.scale/layer-key.html,1,4,25%,4.5
https://lets-plot.org/kotlin/api-reference/-lets--plot--kotlin/org.jetbrains.letsPlot.geom/geom-area-ridges/size.html,1,4,25%,4.75
https://lets-plot.org/python/pages/api/lets_plot.tilesets.OPEN_TOPO_MAP.html,1,4,25%,5
https://lets-plot.org/python/pages/api/lets_plot.tilesets.CARTO_POSITRON_HIRES.html,1,4,25%,11.25
https://lets-plot.org/kotlin/api-reference/-lets--plot--kotlin/org.jetbrains.letsPlot.spatial/-spatial-dataset/index.html,1,4,25%,20
https://lets-plot.org/python/pages/api/lets_plot.geom_density2df.html,1,3,33.33%,4.67
https://lets-plot.org/kotlin/-lets--plot--kotlin/org.jetbrains.letsPlot/-stat/density-ridges/index.html,1,3,33.33%,7
https://lets-plot.org/kotlin/api-reference/-lets--plot--kotlin/org.jetbrains.letsPlot.geom/geom-function/index.html,1,3,33.33%,8.67
https://lets-plot.org/kotlin/api-reference/-lets--plot--kotlin/org.jetbrains.letsPlot.themes/flavor-high-contrast-dark.html,1,3,33.33%,19.33
https://lets-plot.org/pages/api/lets_plot.flavor_darcula.html,1,3,33.33%,65.67
https://lets-plot.org/kotlin/api-reference/-lets--plot--kotlin/org.jetbrains.letsPlot.geom/geom-label/angle.html,1,2,50%,2
https://lets-plot.org/kotlin/-lets--plot--kotlin/org.jetbrains.letsPlot.geom/geom-pie/geom-pie.html,1,2,50%,4.5
https://lets-plot.org/kotlin/api-reference/-lets--plot--kotlin/org.jetbrains.letsPlot.scale/scale-y-log10.html,1,2,50%,4.5
https://lets-plot.org/python/pages/api/lets_plot.element_line.html,1,2,50%,4.5
https://lets-plot.org/kotlin/api-reference/-lets--plot--kotlin/org.jetbrains.letsPlot.geom/geom-density2-d-filled/index.html,1,2,50%,8
https://lets-plot.org/kotlin/api-reference/-lets--plot--kotlin/org.jetbrains.letsPlot/-stat/count/index.html,1,2,50%,19.5
https://lets-plot.org/kotlin/api-reference/-lets--plot--kotlin/org.jetbrains.letsPlot.stat/stat-e-c-d-f/linetype.html,1,2,50%,32.5
https://lets-plot.org/kotlin/-lets--plot--kotlin/org.jetbrains.letsPlot.annotations/layer-labels/layer-labels.html,1,1,100%,1
https://lets-plot.org/kotlin/api-reference/-lets--plot--kotlin/org.jetbrains.letsPlot.bistro.corr/-corr-plot/palette-spectral.html,1,1,100%,1
https://lets-plot.org/kotlin/api-reference/-lets--plot--kotlin/org.jetbrains.letsPlot/-stat/contour/contour.html,1,1,100%,1
https://lets-plot.org/pages/api/lets_plot.theme_light.html,1,1,100%,1
https://lets-plot.org/python/pages/api/lets_plot.scale_color_cmapmpl.html,1,1,100%,1
https://lets-plot.org/python/pages/api/lets_plot.flavor_high_contrast_dark.html,1,1,100%,2
https://lets-plot.org/kotlin/-lets--plot--kotlin/org.jetbrains.letsPlot.geom/geom-area-ridges/quantile.html,1,1,100%,3
https://lets-plot.org/python/pages/api/lets_plot.tilesets.LETS_PLOT_DARK.html,1,1,100%,3
https://lets-plot.org/python/index.html#python-index-user-guide,0,1043,0%,3.32
https://lets-plot.org/pages/api/lets_plot.guide_colorbar.html,0,195,0%,21.33
https://lets-plot.org/_static/docs/lets-plot_terms.pdf,0,165,0%,23.42
https://lets-plot.org/pages/api/lets_plot.scale_color_hue.html,0,132,0%,12.14
https://lets-plot.org/python/pages/whats_new.html,0,124,0%,15.17
https://lets-plot.org/kotlin/api-reference/-lets--plot--kotlin/org.jetbrains.letsPlot.facet/facet-grid.html,0,67,0%,28.13
https://lets-plot.org/python/index.html#user-guide,0,65,0%,4.08
https://lets-plot.org/kotlin/-lets--plot--kotlin/org.jetbrains.letsPlot/-stat/qq-line/qq-line.html,0,44,0%,11.34
https://lets-plot.org/pages/api/lets_plot.geom_lollipop.html,0,43,0%,18.12
https://lets-plot.org/kotlin/api-reference/-lets--plot--kotlin/org.jetbrains.letsPlot/as-discrete.html,0,42,0%,6.31
https://lets-plot.org/kotlin/-lets--plot--kotlin/org.jetbrains.letsPlot.scale/scale-fill-viridis.html,0,40,0%,18.1
https://lets-plot.org/kotlin/api-reference/-lets--plot--kotlin/org.jetbrains.letsPlot.scale/scale-alpha-identity.html,0,40,0%,21.6
https://lets-plot.org/kotlin/-lets--plot--kotlin/org.jetbrains.letsPlot.scale/scale-linetype-identity.html,0,38,0%,10.53
https://lets-plot.org/kotlin/api-reference/-lets--plot--kotlin/org.jetbrains.letsPlot.themes/theme/theme.html,0,36,0%,10.08
https://lets-plot.org/kotlin/-lets--plot--kotlin/org.jetbrains.letsPlot.sampling/index.html,0,36,0%,20.81
https://lets-plot.org/kotlin/api-reference/-lets--plot--kotlin/org.jetbrains.letsPlot.geom/geom-h-line/index.html,0,36,0%,26.58
https://lets-plot.org/python/pages/api/lets_plot.scale_alpha_identity.html,0,35,0%,16.66
https://lets-plot.org/kotlin/-lets--plot--kotlin/org.jetbrains.letsPlot.geom/geom-path/index.html,0,35,0%,20.91
https://lets-plot.org/kotlin/api-reference/-lets--plot--kotlin/org.jetbrains.letsPlot.geom/geom-point/index.html,0,35,0%,21.71
https://lets-plot.org/kotlin/api-reference/-lets--plot--kotlin/org.jetbrains.letsPlot.geom/geom-histogram/index.html,0,35,0%,26.03
https://lets-plot.org/kotlin/api-reference/-lets--plot--kotlin/org.jetbrains.letsPlot.geom/geom-bin2-d/geom-bin2-d.html,0,33,0%,15.52
https://lets-plot.org/python/pages/api/lets_plot.tilesets.NASA_TERRA_TRUECOLOR.html,0,32,0%,16.09
https://lets-plot.org/kotlin/api-reference/-lets--plot--kotlin/org.jetbrains.letsPlot.stat/stat-q-q-line/index.html,0,31,0%,27.68
https://lets-plot.org/kotlin/api-reference/-lets--plot--kotlin/org.jetbrains.letsPlot.geom/geom-a-b-line/geom-a-b-line.html,0,30,0%,10.23
https://lets-plot.org/pages/api/lets_plot.ggmarginal.html,0,30,0%,11.13
https://lets-plot.org/pages/api/lets_plot.maptiles_lets_plot.html,0,29,0%,24.17
https://lets-plot.org/kotlin/api-reference/-lets--plot--kotlin/org.jetbrains.letsPlot.geom/geom-pie/geom-pie.html,0,28,0%,6.64
https://lets-plot.org/python/pages/api/lets_plot.bistro.joint.joint_plot.html,0,28,0%,12.64
https://lets-plot.org/kotlin/api-reference/-lets--plot--kotlin/org.jetbrains.letsPlot.scale/scale-linetype-identity.html,0,28,0%,17.71
https://lets-plot.org/python/pages/api/lets_plot.sampling_vertex_vw.html,0,26,0%,27.54
https://lets-plot.org/python/pages/api/lets_plot.tilesets.CARTO_POSITRON_NO_LABELS.html,0,25,0%,19.4
https://lets-plot.org/kotlin/api-reference/-lets--plot--kotlin/org.jetbrains.letsPlot/-geom/point/index.html,0,25,0%,49.44
https://lets-plot.org/kotlin/-lets--plot--kotlin/org.jetbrains.letsPlot.facet/facet-grid.html,0,24,0%,9.54
https://lets-plot.org/kotlin/api-reference/-lets--plot--kotlin/org.jetbrains.letsPlot.geom/geom-rect/index.html,0,23,0%,14.09
https://lets-plot.org/kotlin/api-reference/-lets--plot--kotlin/org.jetbrains.letsPlot.geom/geom-density/index.html,0,23,0%,26.65
https://lets-plot.org/kotlin/api-reference/-lets--plot--kotlin/org.jetbrains.letsPlot.geom/geom-error-bar/geom-error-bar.html,0,22,0%,21.41
https://lets-plot.org/kotlin/api-reference/-lets--plot--kotlin/org.jetbrains.letsPlot/-geom/qq/index.html,0,22,0%,23.36
https://lets-plot.org/kotlin/api-reference/-lets--plot--kotlin/org.jetbrains.letsPlot/-stat/summary/fn-min.html,0,21,0%,7
https://lets-plot.org/kotlin/api-reference/-lets--plot--kotlin/org.jetbrains.letsPlot.geom/geom-boxplot.html,0,21,0%,11.38
https://lets-plot.org/kotlin/api-reference/-lets--plot--kotlin/org.jetbrains.letsPlot.coord/coord-cartesian.html,0,20,0%,8.85
https://lets-plot.org/pages/api/lets_plot.scale_y_datetime.html,0,20,0%,16.15
https://lets-plot.org/kotlin/api-reference/-lets--plot--kotlin/org.jetbrains.letsPlot.scale/scale-size.html,0,18,0%,10.17
https://lets-plot.org/kotlin/api-reference/-lets--plot--kotlin/org.jetbrains.letsPlot.geom/geom-y-dotplot/center.html,0,18,0%,29.39
https://lets-plot.org/kotlin/-lets--plot--kotlin/org.jetbrains.letsPlot.geom/geom-dotplot/geom-dotplot.html,0,18,0%,34.56
https://lets-plot.org/python/pages/api/lets_plot.geo_data.geocode_counties.html,0,17,0%,8.47
https://lets-plot.org/kotlin/api-reference/-lets--plot--kotlin/org.jetbrains.letsPlot/-geom/rect/rect.html,0,17,0%,13.47
https://lets-plot.org/kotlin/api-reference/-lets--plot--kotlin/org.jetbrains.letsPlot/-geom/pie/spacer-width.html,0,17,0%,18.35
https://lets-plot.org/kotlin/api-reference/-lets--plot--kotlin/org.jetbrains.letsPlot.pos/position-dodge.html,0,17,0%,19.82
https://lets-plot.org/kotlin/api-reference/-lets--plot--kotlin/org.jetbrains.letsPlot/-stat/index.html,0,17,0%,21.59
https://lets-plot.org/kotlin/-lets--plot--kotlin/org.jetbrains.letsPlot.stat/index.html,0,16,0%,19.75
https://lets-plot.org/python/pages/api/lets_plot.geom_ydotplot.html,0,15,0%,10.67
https://lets-plot.org/kotlin/-lets--plot--kotlin/org.jetbrains.letsPlot.geom/geom-smooth/index.html,0,15,0%,11.2
https://lets-plot.org/kotlin/-lets--plot--kotlin/org.jetbrains.letsPlot.scale/scale-gradient.html,0,15,0%,12.67
https://lets-plot.org/kotlin/api-reference/-lets--plot--kotlin/org.jetbrains.letsPlot/-stat/qq/index.html,0,15,0%,19.93
https://lets-plot.org/kotlin/api-reference/-lets--plot--kotlin/org.jetbrains.letsPlot.geom/geom-text/vjust.html,0,15,0%,23.93
https://lets-plot.org/kotlin/api-reference/-lets--plot--kotlin/org.jetbrains.letsPlot.facet/facet-wrap.html,0,14,0%,17.14
https://lets-plot.org/kotlin/api-reference/-lets--plot--kotlin/org.jetbrains.letsPlot/-stat/bin/index.html,0,14,0%,19
https://lets-plot.org/kotlin/-lets--plot--kotlin/org.jetbrains.letsPlot.facet/facet-wrap.html,0,14,0%,19.57
https://lets-plot.org/kotlin/api-reference/-lets--plot--kotlin/org.jetbrains.letsPlot.stat/stat-density/trim.html,0,14,0%,20.93
https://lets-plot.org/kotlin/api-reference/-lets--plot--kotlin/org.jetbrains.letsPlot.stat/stat-density-ridges/trim.html,0,14,0%,24.71
https://lets-plot.org/kotlin/api-reference/-lets--plot--kotlin/org.jetbrains.letsPlot.stat/stat-density2-d/adjust.html,0,14,0%,42.07
https://lets-plot.org/kotlin/api-reference/-lets--plot--kotlin/org.jetbrains.letsPlot/-geom/hline/linetype.html,0,14,0%,56.93
https://lets-plot.org/kotlin/-lets--plot--kotlin/org.jetbrains.letsPlot.stat/stat-summary/xmin.html,0,14,0%,75.71
https://lets-plot.org/pages/api/lets_plot.plot.core.FeatureSpec.html,0,13,0%,14.92
https://lets-plot.org/kotlin/-lets--plot--kotlin/org.jetbrains.letsPlot/-geom/pointrange/index.html,0,13,0%,24.85
https://lets-plot.org/kotlin/api-reference/-lets--plot--kotlin/org.jetbrains.letsPlot.geom/geom-label/hjust.html,0,13,0%,26.38
https://lets-plot.org/kotlin/-lets--plot--kotlin/org.jetbrains.letsPlot/-stat/qq/index.html,0,13,0%,28.23
https://lets-plot.org/kotlin/api-reference/-lets--plot--kotlin/org.jetbrains.letsPlot.geom/geom-label/alpha-stroke.html,0,13,0%,34.92
https://lets-plot.org/kotlin/api-reference/-lets--plot--kotlin/org.jetbrains.letsPlot/-stat/qq2/index.html,0,13,0%,86.23
https://lets-plot.org/kotlin/api-reference/-lets--plot--kotlin/org.jetbrains.letsPlot.geom/geom-pie/index.html,0,12,0%,6.33
https://lets-plot.org/kotlin/gallery.html,0,12,0%,9.75
https://lets-plot.org/kotlin/api-reference/-lets--plot--kotlin/org.jetbrains.letsPlot.spatial/index.html,0,12,0%,13.67
https://lets-plot.org/kotlin/api-reference/-lets--plot--kotlin/org.jetbrains.letsPlot/-geom/segment/size-end.html,0,12,0%,16.42
https://lets-plot.org/kotlin/api-reference/-lets--plot--kotlin/org.jetbrains.letsPlot/-geom/segment/index.html,0,12,0%,19.67
https://lets-plot.org/pages/api/lets_plot.scale_alpha_identity.html,0,12,0%,24.67
https://lets-plot.org/kotlin/api-reference/-lets--plot--kotlin/org.jetbrains.letsPlot.scale/scale-color-gradient-n.html,0,12,0%,27.5
https://lets-plot.org/pages/api/lets_plot.scale_fill_continuous.html,0,12,0%,32.33
https://lets-plot.org/kotlin/api-reference/-lets--plot--kotlin/org.jetbrains.letsPlot.scale/guide-colorbar.html,0,11,0%,6.45
https://lets-plot.org/kotlin/api-reference/-lets--plot--kotlin/org.jetbrains.letsPlot.stat/stat-boxplot.html,0,11,0%,8.73
https://lets-plot.org/pages/api/lets_plot.tilesets.NASA_BLUEMARBLE_NEXTGENERATION.html,0,11,0%,11.82
https://lets-plot.org/kotlin/-lets--plot--kotlin/org.jetbrains.letsPlot.geom/geom-lollipop/index.html,0,11,0%,11.91
https://lets-plot.org/kotlin/-lets--plot--kotlin/org.jetbrains.letsPlot/-geom/raster/index.html,0,11,0%,14.91
https://lets-plot.org/kotlin/api-reference/-lets--plot--kotlin/org.jetbrains.letsPlot.scale/scale-x-continuous.html,0,11,0%,28.09
https://lets-plot.org/kotlin/api-reference/-lets--plot--kotlin/org.jetbrains.letsPlot.themes/flavor-solarized-light.html,0,11,0%,47.82
https://lets-plot.org/kotlin/api-reference/-lets--plot--kotlin/org.jetbrains.letsPlot/-geom/area/linetype.html,0,11,0%,65.18
https://lets-plot.org/kotlin/api-reference/-lets--plot--kotlin/org.jetbrains.letsPlot/-geom/label/nudge-x.html,0,10,0%,6.9
https://lets-plot.org/kotlin/api-reference/-lets--plot--kotlin/org.jetbrains.letsPlot/-lets-plot/index.html,0,10,0%,7.3
https://lets-plot.org/python/pages/api/lets_plot.tilesets.CARTO_DARK_MATTER_NO_LABELS_HIRES.html,0,10,0%,8
https://lets-plot.org/kotlin/api-reference/-lets--plot--kotlin/org.jetbrains.letsPlot.geom/geom-step/index.html,0,10,0%,12.6
https://lets-plot.org/python/pages/api/lets_plot.tilesets.CARTO_ANTIQUE.html,0,10,0%,14.9
https://lets-plot.org/kotlin/api-reference/-lets--plot--kotlin/org.jetbrains.letsPlot.label/index.html,0,10,0%,18.3
https://lets-plot.org/python/pages/api/lets_plot.scale_identity.html,0,10,0%,19.6
https://lets-plot.org/pages/api/lets_plot.geom_ydotplot.html,0,10,0%,24
https://lets-plot.org/kotlin/api-reference/-lets--plot--kotlin/org.jetbrains.letsPlot.stat/stat-density/weight.html,0,10,0%,31.6
https://lets-plot.org/kotlin/api-reference/-lets--plot--kotlin/org.jetbrains.letsPlot/-stat/ecdf/index.html,0,10,0%,56.9
https://lets-plot.org/kotlin/api-reference/-lets--plot--kotlin/org.jetbrains.letsPlot.stat/stat-bin2-d/index.html,0,9,0%,8.44
https://lets-plot.org/kotlin/-lets--plot--kotlin/org.jetbrains.letsPlot.coord/coord-flip.html,0,9,0%,8.78
https://lets-plot.org/kotlin/-lets--plot--kotlin/org.jetbrains.letsPlot/-geom/histogram/histogram.html,0,9,0%,11.67
https://lets-plot.org/kotlin/-lets--plot--kotlin/org.jetbrains.letsPlot.geom/geom-h-line/index.html,0,9,0%,12.89
https://lets-plot.org/python/pages/api/lets_plot.tilesets.LETS_PLOT_COLOR.html,0,9,0%,14.78
https://lets-plot.org/kotlin/api-reference/-lets--plot--kotlin/org.jetbrains.letsPlot.geom/geom-smooth/index.html,0,9,0%,19
https://lets-plot.org/kotlin/api-reference/-lets--plot--kotlin/org.jetbrains.letsPlot/-geom/index.html,0,9,0%,25
https://lets-plot.org/kotlin/api-reference/-lets--plot--kotlin/org.jetbrains.letsPlot/-geom/label/vjust.html,0,9,0%,30.56
https://lets-plot.org/kotlin/api-reference/-lets--plot--kotlin/org.jetbrains.letsPlot.geom/geom-function/linetype.html,0,9,0%,42.11
https://lets-plot.org/kotlin/api-reference/-lets--plot--kotlin/org.jetbrains.letsPlot.geom/geom-label/label.html,0,8,0%,6.62
https://lets-plot.org/kotlin/api-reference/-lets--plot--kotlin/org.jetbrains.letsPlot.stat/stat-sum/stat-sum.html,0,8,0%,10.62
https://lets-plot.org/kotlin/api-reference/-lets--plot--kotlin/org.jetbrains.letsPlot.coord/coord-flip.html,0,8,0%,13.88
https://lets-plot.org/kotlin/api-reference/-lets--plot--kotlin/org.jetbrains.letsPlot.geom/geom-area-ridges/kernel.html,0,8,0%,18
https://lets-plot.org/kotlin/api-reference/-lets--plot--kotlin/org.jetbrains.letsPlot.scale/scale-x-discrete-reversed.html,0,8,0%,18.12
https://lets-plot.org/kotlin/api-reference/-lets--plot--kotlin/org.jetbrains.letsPlot.scale/scale-y-date-time.html,0,8,0%,18.75
https://lets-plot.org/kotlin/-lets--plot--kotlin/org.jetbrains.letsPlot.geom/geom-label/index.html,0,8,0%,21.12
https://lets-plot.org/kotlin/api-reference/-lets--plot--kotlin/org.jetbrains.letsPlot.stat/stat-summary/index.html,0,8,0%,22.38
https://lets-plot.org/kotlin/-lets--plot--kotlin/org.jetbrains.letsPlot.geom/geom-pie/slice.html,0,8,0%,23.75
https://lets-plot.org/kotlin/api-reference/-lets--plot--kotlin/org.jetbrains.letsPlot.stat/stat-contour-filled/index.html,0,8,0%,25.38
https://lets-plot.org/pages/api/lets_plot.geo_data.geocode_counties.html,0,8,0%,27.75
https://lets-plot.org/kotlin/api-reference/-lets--plot--kotlin/org.jetbrains.letsPlot.stat/stat-summary/fn-max.html,0,8,0%,30.12
https://lets-plot.org/kotlin/api-reference/-lets--plot--kotlin/org.jetbrains.letsPlot/-geom/ribbon/linetype.html,0,8,0%,39.62
https://lets-plot.org/kotlin/api-reference/-lets--plot--kotlin/org.jetbrains.letsPlot.geom/geom-dotplot/stack-size.html,0,8,0%,65.12
https://lets-plot.org/kotlin/api-reference/-lets--plot--kotlin/org.jetbrains.letsPlot.geom/geom-pie/use-c-r-s.html,0,7,0%,5.43
https://lets-plot.org/pages/api/lets_plot.sampling_vertex_vw.html,0,7,0%,6.57
https://lets-plot.org/pages/api/lets_plot.geo_data.geocode_cities.html,0,7,0%,6.71
https://lets-plot.org/kotlin/api-reference/-lets--plot--kotlin/org.jetbrains.letsPlot/-geom/vline/xintercept.html,0,7,0%,11.57
https://lets-plot.org/pages/api/lets_plot.tilesets.CARTO_POSITRON_NO_LABELS.html,0,7,0%,13.14
https://lets-plot.org/kotlin/api-reference/-lets--plot--kotlin/org.jetbrains.letsPlot.stat/stat-summary-bin/index.html,0,7,0%,17.29
https://lets-plot.org/kotlin/-lets--plot--kotlin/org.jetbrains.letsPlot.stat/stat-summary-bin/center.html,0,7,0%,20.43
https://lets-plot.org/kotlin/api-reference/-lets--plot--kotlin/org.jetbrains.letsPlot.stat/stat-count/stat-count.html,0,7,0%,23.29
https://lets-plot.org/kotlin/-lets--plot--kotlin/org.jetbrains.letsPlot.geom/geom-violin/trim.html,0,7,0%,26
https://lets-plot.org/kotlin/api-reference/-lets--plot--kotlin/org.jetbrains.letsPlot.geom/geom-q-q-line/quantiles.html,0,7,0%,26.43
https://lets-plot.org/kotlin/api-reference/-lets--plot--kotlin/org.jetbrains.letsPlot/-stat/count/count.html,0,7,0%,33.57
https://lets-plot.org/python/pages/api/lets_plot.ggtb.html,0,6,0%,4
https://lets-plot.org/kotlin/api-reference/-lets--plot--kotlin/org.jetbrains.letsPlot.interact/ggtb.html,0,6,0%,4.83
https://lets-plot.org/kotlin/api-reference/-lets--plot--kotlin/org.jetbrains.letsPlot.scale/scale-continuous.html,0,6,0%,5.67
https://lets-plot.org/kotlin/bistro.html,0,6,0%,6.33
https://lets-plot.org/pages/api/lets_plot.scale_gradientn.html,0,6,0%,6.5
https://lets-plot.org/python/pages/api/lets_plot.flavor_high_contrast_light.html,0,6,0%,8
https://lets-plot.org/kotlin/-lets--plot--kotlin/org.jetbrains.letsPlot.geom/geom-q-q/geom-q-q.html,0,6,0%,8.83
https://lets-plot.org/kotlin/api-reference/-lets--plot--kotlin/org.jetbrains.letsPlot.stat/stat-bin2-d/stat-bin2-d.html,0,6,0%,10.5
https://lets-plot.org/kotlin/api-reference/-lets--plot--kotlin/org.jetbrains.letsPlot.scale/scale-linewidth.html,0,6,0%,11.17
https://lets-plot.org/kotlin/api-reference/-lets--plot--kotlin/org.jetbrains.letsPlot.geom/geom-histogram/geom-histogram.html,0,6,0%,11.5
https://lets-plot.org/kotlin/api-reference/-lets--plot--kotlin/org.jetbrains.letsPlot/-geom/text/nudge-x.html,0,6,0%,15.67
https://lets-plot.org/pages/api/lets_plot.scale_brewer.html,0,6,0%,15.67
https://lets-plot.org/kotlin/api-reference/-lets--plot--kotlin/org.jetbrains.letsPlot/-geom/ribbon/parameters.html,0,6,0%,16.83
https://lets-plot.org/kotlin/-lets--plot--kotlin/org.jetbrains.letsPlot/-geom/text/index.html,0,6,0%,20
https://lets-plot.org/kotlin/api-reference/-lets--plot--kotlin/org.jetbrains.letsPlot.bistro.residual/index.html,0,6,0%,20.67
https://lets-plot.org/kotlin/api-reference/-lets--plot--kotlin/org.jetbrains.letsPlot.themes/theme/legend-position-right.html,0,6,0%,21.33
https://lets-plot.org/kotlin/api-reference/-lets--plot--kotlin/org.jetbrains.letsPlot.geom/geom-density/quantiles.html,0,6,0%,22.67
https://lets-plot.org/kotlin/api-reference/-lets--plot--kotlin/org.jetbrains.letsPlot.scale/scale-alpha.html,0,6,0%,25.5
https://lets-plot.org/kotlin/api-reference/-lets--plot--kotlin/org.jetbrains.letsPlot.geom/geom-tile/linetype.html,0,6,0%,38.5
https://lets-plot.org/kotlin/api-reference/-lets--plot--kotlin/org.jetbrains.letsPlot.geom/geom-dotplot/stack-dir.html,0,6,0%,49.33
https://lets-plot.org/pages/api/lets_plot.bistro.joint.joint_plot.html,0,5,0%,3.8
https://lets-plot.org/pages/api/lets_plot.sampling_group_systematic.html,0,5,0%,4
https://lets-plot.org/kotlin/-lets--plot--kotlin/org.jetbrains.letsPlot.stat/stat-boxplot.html,0,5,0%,6
https://lets-plot.org/pages/api/lets_plot.geom_qq.html,0,5,0%,7.4
https://lets-plot.org/kotlin/api-reference/-lets--plot--kotlin/org.jetbrains.letsPlot.geom/geom-curve/stroke-end.html,0,5,0%,8
https://lets-plot.org/kotlin/-lets--plot--kotlin/org.jetbrains.letsPlot.scale/scale-x-reverse.html,0,5,0%,8.6
https://lets-plot.org/kotlin/api-reference/-lets--plot--kotlin/org.jetbrains.letsPlot.geom/geom-histogram/fill-by.html,0,5,0%,9
https://lets-plot.org/kotlin/api-reference/-lets--plot--kotlin/org.jetbrains.letsPlot.stat/stat-summary/stroke.html,0,5,0%,9.4
https://lets-plot.org/kotlin/api-reference/-lets--plot--kotlin/org.jetbrains.letsPlot.scale/scale-hue.html,0,5,0%,11.2
https://lets-plot.org/pages/api/lets_plot.tilesets.NASA_TERRA_TRUECOLOR.html,0,5,0%,11.2
https://lets-plot.org/kotlin/api-reference/-lets--plot--kotlin/org.jetbrains.letsPlot.geom/geom-label/na-text.html,0,5,0%,12
https://lets-plot.org/kotlin/-lets--plot--kotlin/org.jetbrains.letsPlot.geom/geom-function/index.html,0,5,0%,13.6
https://lets-plot.org/python/pages/api/lets_plot.tilesets.CARTO_VOYAGER_HIRES.html,0,5,0%,13.8
https://lets-plot.org/kotlin/-lets--plot--kotlin/org.jetbrains.letsPlot.geom/geom-density2-d/geom-density2-d.html,0,5,0%,14
https://lets-plot.org/kotlin/api-reference/-lets--plot--kotlin/org.jetbrains.letsPlot.geom/geom-band/geom-band.html,0,5,0%,14.6
https://lets-plot.org/kotlin/-lets--plot--kotlin/org.jetbrains.letsPlot/-stat/bin/index.html,0,5,0%,15.8
https://lets-plot.org/kotlin/-lets--plot--kotlin/org.jetbrains.letsPlot.stat/stat-contour/stat-contour.html,0,5,0%,16.6
https://lets-plot.org/kotlin/api-reference/-lets--plot--kotlin/org.jetbrains.letsPlot.stat/stat-e-c-d-f/pad.html,0,5,0%,17.6
https://lets-plot.org/kotlin/api-reference/-lets--plot--kotlin/org.jetbrains.letsPlot.bistro.corr/-corr-plot/labels.html,0,5,0%,18
https://lets-plot.org/kotlin/api-reference/-lets--plot--kotlin/org.jetbrains.letsPlot.scale/scale-gradient.html,0,5,0%,26.4
https://lets-plot.org/kotlin/api-reference/-lets--plot--kotlin/org.jetbrains.letsPlot.geom/geom-histogram/bin-width.html,0,5,0%,27.2
https://lets-plot.org/kotlin/api-reference/-lets--plot--kotlin/org.jetbrains.letsPlot.bistro.qq/index.html,0,5,0%,33.8
https://lets-plot.org/kotlin/-lets--plot--kotlin/org.jetbrains.letsPlot.bistro.corr/-corr-plot/palette-spectral.html,0,5,0%,44.6
https://lets-plot.org/kotlin/api-reference/-lets--plot--kotlin/org.jetbrains.letsPlot.geom/geom-area/linetype.html,0,5,0%,46.6
https://lets-plot.org/kotlin/-lets--plot--kotlin/org.jetbrains.letsPlot.geom/geom-segment/yend.html,0,5,0%,47.2
https://lets-plot.org/kotlin/-lets--plot--kotlin/org.jetbrains.letsPlot.tooltips/layer-tooltips/layer-tooltips.html,0,4,0%,3.5
https://lets-plot.org/kotlin/-lets--plot--kotlin/org.jetbrains.letsPlot.scale/scale-grey.html,0,4,0%,3.75
https://lets-plot.org/kotlin/api-reference/-lets--plot--kotlin/org.jetbrains.letsPlot.geom/geom-point/use-c-r-s.html,0,4,0%,3.75
https://lets-plot.org/kotlin/api-reference/-lets--plot--kotlin/org.jetbrains.letsPlot.geom/geom-tile/size.html,0,4,0%,4.5
https://lets-plot.org/kotlin/api-reference/-lets--plot--kotlin/org.jetbrains.letsPlot/-geom/label/label.html,0,4,0%,4.5
https://lets-plot.org/kotlin/-lets--plot--kotlin/org.jetbrains.letsPlot.tooltips/layer-tooltips/title.html,0,4,0%,5.5
https://lets-plot.org/kotlin/api-reference/-lets--plot--kotlin/org.jetbrains.letsPlot/-geom/boxplot/whisker-width.html,0,4,0%,6
https://lets-plot.org/pages/api/lets_plot.tilesets.CARTO_ANTIQUE.html,0,4,0%,6
https://lets-plot.org/python/pages/api/lets_plot.scale_y_datetime.html,0,4,0%,6.25
https://lets-plot.org/kotlin/api-reference/-lets--plot--kotlin/org.jetbrains.letsPlot.geom/geom-lollipop/dir.html,0,4,0%,6.5
https://lets-plot.org/kotlin/api-reference/-lets--plot--kotlin/org.jetbrains.letsPlot.geom/geom-path/geom-path.html,0,4,0%,6.5
https://lets-plot.org/kotlin/-lets--plot--kotlin/org.jetbrains.letsPlot.stat/stat-sum/stat-sum.html,0,4,0%,6.75
https://lets-plot.org/kotlin/api-reference/-lets--plot--kotlin/org.jetbrains.letsPlot.bistro.waterfall/index.html,0,4,0%,6.75
https://lets-plot.org/python/pages/api/lets_plot.scale_fill_cmapmpl.html,0,4,0%,6.75
https://lets-plot.org/kotlin/api-reference/-lets--plot--kotlin/org.jetbrains.letsPlot.geom/geom-violin/fill-by.html,0,4,0%,7
https://lets-plot.org/pages/api/lets_plot.scale_x_discrete_reversed.html,0,4,0%,7
https://lets-plot.org/kotlin/api-reference/-lets--plot--kotlin/org.jetbrains.letsPlot.scale/scale-y-reverse.html,0,4,0%,8
https://lets-plot.org/kotlin/api-reference/-lets--plot--kotlin/org.jetbrains.letsPlot.geom/geom-label/map.html,0,4,0%,8.5
https://lets-plot.org/kotlin/-lets--plot--kotlin/org.jetbrains.letsPlot.geom/geom-dotplot/dot-size.html,0,4,0%,8.75
https://lets-plot.org/kotlin/api-reference/-lets--plot--kotlin/org.jetbrains.letsPlot.stat/stat-sum/fill.html,0,4,0%,8.75
https://lets-plot.org/kotlin/api-reference/-lets--plot--kotlin/org.jetbrains.letsPlot.geom/geom-step/geom-step.html,0,4,0%,11.25
https://lets-plot.org/kotlin/api-reference/-lets--plot--kotlin/org.jetbrains.letsPlot.geom/geom-y-dotplot/stack-groups.html,0,4,0%,14.75
https://lets-plot.org/pages/api/lets_plot.tilesets.CARTO_POSITRON_NO_LABELS_HIRES.html,0,4,0%,14.75
https://lets-plot.org/kotlin/api-reference/-lets--plot--kotlin/org.jetbrains.letsPlot.stat/stat-count/fill.html,0,4,0%,15
https://lets-plot.org/kotlin/api-reference/-lets--plot--kotlin/org.jetbrains.letsPlot.geom/geom-text/map.html,0,4,0%,15.25
https://lets-plot.org/kotlin/-lets--plot--kotlin/org.jetbrains.letsPlot/-stat/sum/index.html,0,4,0%,17.75
https://lets-plot.org/kotlin/-lets--plot--kotlin/org.jetbrains.letsPlot.stat/stat-y-density/violin-width.html,0,4,0%,18.5
https://lets-plot.org/kotlin/-lets--plot--kotlin/org.jetbrains.letsPlot.geom/geom-histogram/center.html,0,4,0%,18.75
https://lets-plot.org/kotlin/api-reference/-lets--plot--kotlin/org.jetbrains.letsPlot.geom/geom-q-q2-line/index.html,0,4,0%,24.5
https://lets-plot.org/kotlin/api-reference/-lets--plot--kotlin/org.jetbrains.letsPlot.scale/scale-size-identity.html,0,4,0%,25
https://lets-plot.org/kotlin/api-reference/-lets--plot--kotlin/org.jetbrains.letsPlot.geom/geom-text/fontface.html,0,4,0%,26.75
https://lets-plot.org/kotlin/api-reference/-lets--plot--kotlin/org.jetbrains.letsPlot.geom/geom-q-q2/color-by.html,0,4,0%,45.25
https://lets-plot.org/kotlin/-lets--plot--kotlin/org.jetbrains.letsPlot.geom/geom-crossbar/fatten.html,0,4,0%,51.5
https://lets-plot.org/kotlin/-lets--plot--kotlin/org.jetbrains.letsPlot/-geom/point/fill.html,0,4,0%,55.5
https://lets-plot.org/kotlin/api-reference/-lets--plot--kotlin/org.jetbrains.letsPlot.geom/geom-contour/bin-width.html,0,4,0%,57
https://lets-plot.org/kotlin/api-reference/-lets--plot--kotlin/org.jetbrains.letsPlot/-geom/raster/alpha.html,0,4,0%,68.5
https://lets-plot.org/kotlin/api-reference/-lets--plot--kotlin/org.jetbrains.letsPlot.scale/guides-alt.html,0,3,0%,1
https://lets-plot.org/kotlin/-lets--plot--kotlin/org.jetbrains.letsPlot/-geom/segment/index.html,0,3,0%,2
https://lets-plot.org/kotlin/api-reference/-lets--plot--kotlin/org.jetbrains.letsPlot.stat/stat-y-density/index.html,0,3,0%,3
https://lets-plot.org/kotlin/api-reference/-lets--plot--kotlin/org.jetbrains.letsPlot.scale/scale-linewidth-identity.html,0,3,0%,3.33
https://lets-plot.org/kotlin/api-reference/-lets--plot--kotlin/org.jetbrains.letsPlot/-geom/band/size.html,0,3,0%,3.33
https://lets-plot.org/kotlin/-lets--plot--kotlin/org.jetbrains.letsPlot.stat/stat-density/kernel.html,0,3,0%,4.67
https://lets-plot.org/kotlin/api-reference/-lets--plot--kotlin/org.jetbrains.letsPlot/-stat/contour/index.html,0,3,0%,4.67
https://lets-plot.org/python/pages/api/lets_plot.maptiles_zxy.html,0,3,0%,5.33
https://lets-plot.org/kotlin/api-reference/-lets--plot--kotlin/org.jetbrains.letsPlot.geom/geom-bar/fill-by.html,0,3,0%,5.67
https://lets-plot.org/kotlin/api-reference/-lets--plot--kotlin/org.jetbrains.letsPlot.geom/geom-smooth/method.html,0,3,0%,6
https://lets-plot.org/kotlin/api-reference/-lets--plot--kotlin/org.jetbrains.letsPlot/-geom/errorbar/size.html,0,3,0%,6.33
https://lets-plot.org/kotlin/api-reference/-lets--plot--kotlin/org.jetbrains.letsPlot/-geom/pie/index.html,0,3,0%,7.67
https://lets-plot.org/python/pages/api/lets_plot.flavor_solarized_dark.html,0,3,0%,7.67
https://lets-plot.org/kotlin/api-reference/-lets--plot--kotlin/org.jetbrains.letsPlot.geom/geom-count/angle.html,0,3,0%,8
https://lets-plot.org/kotlin/api-reference/-lets--plot--kotlin/org.jetbrains.letsPlot.geom/geom-pie/map.html,0,3,0%,8
https://lets-plot.org/kotlin/api-reference/-lets--plot--kotlin/org.jetbrains.letsPlot.geom/geom-map/x.html,0,3,0%,8.33
https://lets-plot.org/kotlin/api-reference/-lets--plot--kotlin/org.jetbrains.letsPlot.spatial/-geometry-format/-g-e-o-j-s-o-n/index.html,0,3,0%,8.67
https://lets-plot.org/kotlin/api-reference/-lets--plot--kotlin/org.jetbrains.letsPlot.stat/stat-count/fill-by.html,0,3,0%,8.67
https://lets-plot.org/python/pages/api/lets_plot.tilesets.CARTO_VOYAGER.html,0,3,0%,8.67
https://lets-plot.org/kotlin/api-reference/-lets--plot--kotlin/org.jetbrains.letsPlot.bistro.corr/-corr-plot/tiles.html,0,3,0%,9
https://lets-plot.org/kotlin/api-reference/-lets--plot--kotlin/org.jetbrains.letsPlot.geom/geom-q-q2/geom-q-q2.html,0,3,0%,9.67
https://lets-plot.org/kotlin/api-reference/-lets--plot--kotlin/org.jetbrains.letsPlot/-geom/crossbar/index.html,0,3,0%,9.67
https://lets-plot.org/kotlin/-lets--plot--kotlin/org.jetbrains.letsPlot.spatial/-geometry-format/-w-k-b/index.html,0,3,0%,10
https://lets-plot.org/kotlin/api-reference/-lets--plot--kotlin/org.jetbrains.letsPlot.themes/theme-none.html,0,3,0%,10.67
https://lets-plot.org/kotlin/api-reference/-lets--plot--kotlin/org.jetbrains.letsPlot.stat/stat-density2-d-filled/weight.html,0,3,0%,13
https://lets-plot.org/kotlin/api-reference/-lets--plot--kotlin/org.jetbrains.letsPlot.geom/geom-q-q2-line/geom-q-q2-line.html,0,3,0%,16
https://lets-plot.org/kotlin/-lets--plot--kotlin/org.jetbrains.letsPlot.stat/stat-contour/index.html,0,3,0%,16.67
https://lets-plot.org/kotlin/-lets--plot--kotlin/org.jetbrains.letsPlot/-geom/step/color.html,0,3,0%,16.67
https://lets-plot.org/kotlin/-lets--plot--kotlin/org.jetbrains.letsPlot.pos/position-stack.html,0,3,0%,17.67
https://lets-plot.org/kotlin/api-reference/-lets--plot--kotlin/org.jetbrains.letsPlot/-geom/text/label-format.html,0,3,0%,18.33
https://lets-plot.org/kotlin/api-reference/-lets--plot--kotlin/org.jetbrains.letsPlot/-stat/qq2-line/qq2-line.html,0,3,0%,18.67
https://lets-plot.org/kotlin/api-reference/-lets--plot--kotlin/org.jetbrains.letsPlot/-stat/smooth/span.html,0,3,0%,19
https://lets-plot.org/kotlin/-lets--plot--kotlin/org.jetbrains.letsPlot.geom/geom-density2-d-filled/index.html,0,3,0%,19.33
https://lets-plot.org/kotlin/api-reference/-lets--plot--kotlin/org.jetbrains.letsPlot/-geom/lollipop/shape.html,0,3,0%,24.67
https://lets-plot.org/kotlin/api-reference/-lets--plot--kotlin/org.jetbrains.letsPlot/-stat/boxplot/var-width.html,0,3,0%,30
https://lets-plot.org/kotlin/api-reference/-lets--plot--kotlin/org.jetbrains.letsPlot/-geom/errorbar/y.html,0,3,0%,30.67
https://lets-plot.org/kotlin/api-reference/-lets--plot--kotlin/org.jetbrains.letsPlot.geom/geom-line/size.html,0,3,0%,32.67
https://lets-plot.org/kotlin/api-reference/-lets--plot--kotlin/org.jetbrains.letsPlot.geom/geom-dotplot/bin-width.html,0,3,0%,34.33
https://lets-plot.org/kotlin/api-reference/-lets--plot--kotlin/org.jetbrains.letsPlot/-stat/density-ridges/index.html,0,3,0%,34.67
https://lets-plot.org/kotlin/-lets--plot--kotlin/org.jetbrains.letsPlot/-geom/ribbon/size.html,0,3,0%,37
https://lets-plot.org/kotlin/api-reference/-lets--plot--kotlin/org.jetbrains.letsPlot/-geom/pointrange/pointrange.html,0,3,0%,38.33
https://lets-plot.org/kotlin/api-reference/-lets--plot--kotlin/org.jetbrains.letsPlot/-geom/crossbar/xmin.html,0,3,0%,57.67
https://lets-plot.org/kotlin/-lets--plot--kotlin/org.jetbrains.letsPlot/-geom/raster/fill.html,0,3,0%,62.67
https://lets-plot.org/kotlin/api-reference/-lets--plot--kotlin/org.jetbrains.letsPlot/-geom/abline/alpha.html,0,3,0%,65
https://lets-plot.org/kotlin/-lets--plot--kotlin/org.jetbrains.letsPlot.stat/stat-y-density/width.html,0,3,0%,87.33
https://lets-plot.org/kotlin/api-reference/-lets--plot--kotlin/org.jetbrains.letsPlot.stat/stat-density-ridges/tails-cutoff.html,0,2,0%,1
https://lets-plot.org/kotlin/-lets--plot--kotlin/org.jetbrains.letsPlot/-geom/pie/index.html,0,2,0%,1.5
https://lets-plot.org/kotlin/api-reference/-lets--plot--kotlin/org.jetbrains.letsPlot/-geom/bar/width.html,0,2,0%,1.5
https://lets-plot.org/kotlin/api-reference/-lets--plot--kotlin/org.jetbrains.letsPlot.geom/geom-density2-d-filled/n.html,0,2,0%,2.5
https://lets-plot.org/kotlin/api-reference/-lets--plot--kotlin/org.jetbrains.letsPlot.stat/stat-contour/index.html,0,2,0%,2.5
https://lets-plot.org/pages/basemap_tiles.html#basemap-tiles-blank-tiles,0,2,0%,3
https://lets-plot.org/pages/basemap_tiles.html#basemap-tiles-global-cfg,0,2,0%,3
https://lets-plot.org/pages/basemap_tiles.html#basemap-tiles-raster-tiles,0,2,0%,3
https://lets-plot.org/pages/basemap_tiles.html#basemap-tiles-vector-tiles,0,2,0%,3
https://lets-plot.org/pages/formats.html#formats-datetime,0,2,0%,3
https://lets-plot.org/pages/formats.html#formats-examples-number-format,0,2,0%,3
https://lets-plot.org/pages/formats.html#formats-number-format,0,2,0%,3
https://lets-plot.org/pages/formats.html#formats-string-template,0,2,0%,3
https://lets-plot.org/kotlin/api-reference/-lets--plot--kotlin/org.jetbrains.letsPlot.geom/geom-bin2-d/color-by.html,0,2,0%,3.5
https://lets-plot.org/pages/api/lets_plot.geom_contourf.html,0,2,0%,3.5
https://lets-plot.org/kotlin/api-reference/-lets--plot--kotlin/org.jetbrains.letsPlot.geom/geom-band/linetype.html,0,2,0%,4.5
https://lets-plot.org/kotlin/api-reference/-lets--plot--kotlin/org.jetbrains.letsPlot/-geom/abline/intercept.html,0,2,0%,4.5
https://lets-plot.org/kotlin/api-reference/-lets--plot--kotlin/org.jetbrains.letsPlot.geom/geom-lollipop/index.html,0,2,0%,5
https://lets-plot.org/kotlin/api-reference/-lets--plot--kotlin/org.jetbrains.letsPlot.spatial/-geometry-format/-w-k-b/index.html,0,2,0%,5
https://lets-plot.org/python/pages/api/lets_plot.position_stack.html,0,2,0%,5
https://lets-plot.org/kotlin/annotations.html,0,2,0%,5.5
https://lets-plot.org/kotlin/api-reference/-lets--plot--kotlin/org.jetbrains.letsPlot/-stat/density/density.html,0,2,0%,5.5
https://lets-plot.org/kotlin/-lets--plot--kotlin/org.jetbrains.letsPlot.geom/geom-area-ridges/n.html,0,2,0%,6
https://lets-plot.org/kotlin/-lets--plot--kotlin/org.jetbrains.letsPlot/-stat/contour/index.html,0,2,0%,6
https://lets-plot.org/kotlin/api-reference/-lets--plot--kotlin/org.jetbrains.letsPlot.stat/stat-y-density/color.html,0,2,0%,6
https://lets-plot.org/kotlin/-lets--plot--kotlin/org.jetbrains.letsPlot/gggrid.html,0,2,0%,6.5
https://lets-plot.org/kotlin/api-reference/-lets--plot--kotlin/org.jetbrains.letsPlot.geom/geom-text/angle.html,0,2,0%,6.5
https://lets-plot.org/pages/api/lets_plot.flavor_high_contrast_dark.html,0,2,0%,6.5
https://lets-plot.org/kotlin/-lets--plot--kotlin/org.jetbrains.letsPlot/-geom/segment/x.html,0,2,0%,7
https://lets-plot.org/kotlin/api-reference/-lets--plot--kotlin/org.jetbrains.letsPlot.geom/geom-count/geom-count.html,0,2,0%,7
https://lets-plot.org/kotlin/api-reference/-lets--plot--kotlin/org.jetbrains.letsPlot.geom/geom-density2-d/geom-density2-d.html,0,2,0%,7
https://lets-plot.org/kotlin/api-reference/-lets--plot--kotlin/org.jetbrains.letsPlot.geom/geom-q-q/stroke.html,0,2,0%,7
https://lets-plot.org/kotlin/-lets--plot--kotlin/org.jetbrains.letsPlot.geom/geom-point-range/fatten.html,0,2,0%,8
https://lets-plot.org/kotlin/-lets--plot--kotlin/org.jetbrains.letsPlot.stat/stat-summary-bin/stroke.html,0,2,0%,8
https://lets-plot.org/kotlin/api-reference/-lets--plot--kotlin/org.jetbrains.letsPlot.geom/geom-q-q/fill.html,0,2,0%,8
https://lets-plot.org/kotlin/api-reference/-lets--plot--kotlin/org.jetbrains.letsPlot.stat/stat-smooth/deg.html,0,2,0%,8
https://lets-plot.org/kotlin/api-reference/-lets--plot--kotlin/org.jetbrains.letsPlot.bistro.corr/-corr-plot/palette-gradient.html,0,2,0%,9
https://lets-plot.org/python/pages/api/lets_plot.tilesets.OSM.html,0,2,0%,10
https://lets-plot.org/kotlin/api-reference/-lets--plot--kotlin/org.jetbrains.letsPlot/-stat/y-dotplot/bins.html,0,2,0%,13
https://lets-plot.org/python/pages/api/lets_plot.tilesets.LETS_PLOT_BW.html,0,2,0%,13.5
https://lets-plot.org/kotlin/-lets--plot--kotlin/org.jetbrains.letsPlot/-stat/boxplot/var-width.html,0,2,0%,14
https://lets-plot.org/kotlin/api-reference/-lets--plot--kotlin/org.jetbrains.letsPlot.stat/stat-density/kernel.html,0,2,0%,15.5
https://lets-plot.org/kotlin/api-reference/-lets--plot--kotlin/org.jetbrains.letsPlot/-geom/boxplot/shape.html,0,2,0%,15.5
https://lets-plot.org/pages/api/lets_plot.scale_identity.html,0,2,0%,19
https://lets-plot.org/kotlin/-lets--plot--kotlin/org.jetbrains.letsPlot.stat/stat-bin/boundary.html,0,2,0%,22
https://lets-plot.org/kotlin/api-reference/-lets--plot--kotlin/org.jetbrains.letsPlot/-geom/abline/linetype.html,0,2,0%,24
https://lets-plot.org/kotlin/-lets--plot--kotlin/org.jetbrains.letsPlot/-geom/tile/height.html,0,2,0%,26
https://lets-plot.org/kotlin/-lets--plot--kotlin/org.jetbrains.letsPlot/-stat/summary-bin/fn.html,0,2,0%,26.5
https://lets-plot.org/kotlin/api-reference/-lets--plot--kotlin/org.jetbrains.letsPlot.geom/geom-map/map-join.html,0,2,0%,29
https://lets-plot.org/kotlin/-lets--plot--kotlin/org.jetbrains.letsPlot.stat/stat-summary/size.html,0,2,0%,29.5
https://lets-plot.org/kotlin/-lets--plot--kotlin/org.jetbrains.letsPlot/-geom/vline/xintercept.html,0,2,0%,30.5
https://lets-plot.org/kotlin/api-reference/-lets--plot--kotlin/org.jetbrains.letsPlot/-stat/sum/index.html,0,2,0%,31.5
https://lets-plot.org/kotlin/api-reference/-lets--plot--kotlin/org.jetbrains.letsPlot.themes/theme/legend-position-top.html,0,2,0%,32
https://lets-plot.org/kotlin/api-reference/-lets--plot--kotlin/org.jetbrains.letsPlot.scale/scale-x-reverse.html,0,2,0%,34
https://lets-plot.org/kotlin/api-reference/-lets--plot--kotlin/org.jetbrains.letsPlot.geom/geom-label/label-format.html,0,2,0%,36.5
https://lets-plot.org/kotlin/-lets--plot--kotlin/org.jetbrains.letsPlot/-geom/ribbon/xmax.html,0,2,0%,37.5
https://lets-plot.org/kotlin/-lets--plot--kotlin/org.jetbrains.letsPlot/-stat/identity.html,0,2,0%,41.5
https://lets-plot.org/kotlin/api-reference/-lets--plot--kotlin/org.jetbrains.letsPlot.geom/geom-error-bar/x.html,0,2,0%,45.5
https://lets-plot.org/kotlin/api-reference/-lets--plot--kotlin/org.jetbrains.letsPlot.geom/geom-curve/size-end.html,0,2,0%,47.5
https://lets-plot.org/kotlin/api-reference/-lets--plot--kotlin/org.jetbrains.letsPlot.geom/geom-smooth/linetype.html,0,2,0%,47.5
https://lets-plot.org/kotlin/-lets--plot--kotlin/org.jetbrains.letsPlot.geom/geom-crossbar/size.html,0,2,0%,48.5
https://lets-plot.org/kotlin/api-reference/-lets--plot--kotlin/org.jetbrains.letsPlot/-stat/summary-bin/fn.html,0,2,0%,49.5
https://lets-plot.org/kotlin/api-reference/-lets--plot--kotlin/org.jetbrains.letsPlot/-geom/pie/fill-by.html,0,2,0%,50.5
https://lets-plot.org/kotlin/api-reference/-lets--plot--kotlin/org.jetbrains.letsPlot.stat/stat-q-q/color.html,0,2,0%,53
https://lets-plot.org/kotlin/api-reference/-lets--plot--kotlin/org.jetbrains.letsPlot.geom/geom-density2-d/x.html,0,2,0%,53.5
https://lets-plot.org/kotlin/-lets--plot--kotlin/org.jetbrains.letsPlot/-geom/path/linetype.html,0,2,0%,54
https://lets-plot.org/kotlin/api-reference/-lets--plot--kotlin/org.jetbrains.letsPlot.stat/stat-q-q2/size.html,0,2,0%,57.5
https://lets-plot.org/kotlin/api-reference/-lets--plot--kotlin/org.jetbrains.letsPlot.geom/geom-q-q2-line/linetype.html,0,2,0%,58
https://lets-plot.org/kotlin/api-reference/-lets--plot--kotlin/org.jetbrains.letsPlot.geom/geom-line-range/xmin.html,0,2,0%,60
https://lets-plot.org/kotlin/api-reference/-lets--plot--kotlin/org.jetbrains.letsPlot/-geom/histogram/fill.html,0,2,0%,64
https://lets-plot.org/kotlin/-lets--plot--kotlin/org.jetbrains.letsPlot.geom/geom-crossbar/alpha.html,0,2,0%,64.5
https://lets-plot.org/kotlin/-lets--plot--kotlin/org.jetbrains.letsPlot/-stat/count/index.html,0,2,0%,65
https://lets-plot.org/kotlin/api-reference/-lets--plot--kotlin/org.jetbrains.letsPlot/-stat/density/full-scan-max.html,0,2,0%,74
https://lets-plot.org/kotlin/api-reference/-lets--plot--kotlin/org.jetbrains.letsPlot/-geom/lollipop/fill-by.html,0,2,0%,76.5
https://lets-plot.org/kotlin/api-reference/-lets--plot--kotlin/org.jetbrains.letsPlot.geom/geom-point-range/linewidth.html,0,2,0%,77
https://lets-plot.org/kotlin/api-reference/-lets--plot--kotlin/org.jetbrains.letsPlot/-geom/crossbar/fill-by.html,0,2,0%,77.5
https://lets-plot.org/kotlin/-lets--plot--kotlin/org.jetbrains.letsPlot/-geom/qq-line/parameters.html,0,2,0%,81.5
https://lets-plot.org/kotlin/api-reference/-lets--plot--kotlin/org.jetbrains.letsPlot.bistro.corr/-corr-plot/palette-rd-yl-bu.html,0,2,0%,87.5
https://lets-plot.org/kotlin/-lets--plot--kotlin/org.jetbrains.letsPlot/-geom/area/fill.html,0,2,0%,93.5
https://lets-plot.org/kotlin/-lets--plot--kotlin/org.jetbrains.letsPlot/-geom/segment/segment.html,0,1,0%,1
https://lets-plot.org/python/pages/api/lets_plot.theme_none.html,0,1,0%,1
https://lets-plot.org/kotlin/-lets--plot--kotlin/org.jetbrains.letsPlot.bistro.corr/-corr-plot/palette-pu-or.html,0,1,0%,2
https://lets-plot.org/kotlin/api-reference/-lets--plot--kotlin/org.jetbrains.letsPlot.geom/geom-blank/index.html,0,1,0%,2
https://lets-plot.org/kotlin/api-reference/-lets--plot--kotlin/org.jetbrains.letsPlot.stat/stat-contour/stat-contour.html,0,1,0%,2
https://lets-plot.org/kotlin/api-reference/-lets--plot--kotlin/org.jetbrains.letsPlot.stat/stat-smooth/max-n.html,0,1,0%,2
https://lets-plot.org/kotlin/api-reference/-lets--plot--kotlin/org.jetbrains.letsPlot.stat/stat-y-density/size.html,0,1,0%,2
https://lets-plot.org/kotlin/api-reference/-lets--plot--kotlin/org.jetbrains.letsPlot/-geom/point/angle.html,0,1,0%,2
https://lets-plot.org/python/pages/api/lets_plot.sampling_random_stratified.html,0,1,0%,2
https://lets-plot.org/kotlin/-lets--plot--kotlin/org.jetbrains.letsPlot.spatial/-c-r-s-code/index.html,0,1,0%,3
https://lets-plot.org/kotlin/-lets--plot--kotlin/org.jetbrains.letsPlot/-stat/dotplot/parameters.html,0,1,0%,3
https://lets-plot.org/kotlin/api-reference/-lets--plot--kotlin/org.jetbrains.letsPlot.geom/geom-bin2-d/height.html,0,1,0%,3
https://lets-plot.org/kotlin/api-reference/-lets--plot--kotlin/org.jetbrains.letsPlot.geom/geom-rect/ymax.html,0,1,0%,3
https://lets-plot.org/kotlin/api-reference/-lets--plot--kotlin/org.jetbrains.letsPlot.geom/geom-violin/kernel.html,0,1,0%,3
https://lets-plot.org/kotlin/api-reference/-lets--plot--kotlin/org.jetbrains.letsPlot.stat/stat-density2-d-filled/color.html,0,1,0%,3
https://lets-plot.org/kotlin/api-reference/-lets--plot--kotlin/org.jetbrains.letsPlot.tooltips/layer-tooltips/layer-tooltips.html,0,1,0%,3
https://lets-plot.org/kotlin/api-reference/-lets--plot--kotlin/org.jetbrains.letsPlot/-geom/step/index.html,0,1,0%,3
https://lets-plot.org/kotlin/api-reference/-lets--plot--kotlin/org.jetbrains.letsPlot/-stat/qq-line/distribution.html,0,1,0%,3
https://lets-plot.org/kotlin/api-reference/-lets--plot--kotlin/org.jetbrains.letsPlot.geom/geom-contour/size.html,0,1,0%,4
https://lets-plot.org/kotlin/api-reference/-lets--plot--kotlin/org.jetbrains.letsPlot.geom/geom-freqpoly/color.html,0,1,0%,4
https://lets-plot.org/kotlin/api-reference/-lets--plot--kotlin/org.jetbrains.letsPlot.geom/geom-label/size.html,0,1,0%,4
https://lets-plot.org/kotlin/api-reference/-lets--plot--kotlin/org.jetbrains.letsPlot.geom/geom-q-q-line/d-params.html,0,1,0%,4
https://lets-plot.org/python/pages/api/lets_plot.maptiles_solid.html,0,1,0%,4
https://lets-plot.org/python/pages/api/lets_plot.tilesets.CARTO_FLAT_BLUE.html,0,1,0%,4
https://lets-plot.org/kotlin/api-reference/-lets--plot--kotlin/org.jetbrains.letsPlot.geom/geom-bar/fill.html,0,1,0%,5
https://lets-plot.org/kotlin/api-reference/-lets--plot--kotlin/org.jetbrains.letsPlot.spatial/-geometry-format/values.html,0,1,0%,5
https://lets-plot.org/kotlin/api-reference/-lets--plot--kotlin/org.jetbrains.letsPlot.stat/stat-smooth/size.html,0,1,0%,5
https://lets-plot.org/kotlin/api-reference/-lets--plot--kotlin/org.jetbrains.letsPlot.stat/stat-summary-bin/y.html,0,1,0%,5
https://lets-plot.org/kotlin/api-reference/-lets--plot--kotlin/org.jetbrains.letsPlot.themes/theme/legend-direction-vertical.html,0,1,0%,5
https://lets-plot.org/kotlin/api-reference/-lets--plot--kotlin/org.jetbrains.letsPlot/-geom/tile/fill.html,0,1,0%,5
https://lets-plot.org/python/pages/api/lets_plot.tilesets.NASA_COLOR_SHADED_RELIEF_30M.html,0,1,0%,5
https://lets-plot.org/kotlin/-lets--plot--kotlin/org.jetbrains.letsPlot.geom/geom-count/color-by.html,0,1,0%,6
https://lets-plot.org/kotlin/-lets--plot--kotlin/org.jetbrains.letsPlot.scale/scale-y-discrete-reversed.html,0,1,0%,6
https://lets-plot.org/kotlin/-lets--plot--kotlin/org.jetbrains.letsPlot/-stat/ecdf/index.html,0,1,0%,6
https://lets-plot.org/kotlin/api-reference/-lets--plot--kotlin/org.jetbrains.letsPlot.stat/stat-smooth/ymax.html,0,1,0%,6
https://lets-plot.org/kotlin/api-reference/-lets--plot--kotlin/org.jetbrains.letsPlot.stat/stat-summary/xmin.html,0,1,0%,6
https://lets-plot.org/kotlin/api-reference/-lets--plot--kotlin/org.jetbrains.letsPlot/-stat/density-ridges/kernel.html,0,1,0%,6
https://lets-plot.org/kotlin/-lets--plot--kotlin/org.jetbrains.letsPlot.bistro.corr/-corr-plot/tiles.html,0,1,0%,7
https://lets-plot.org/kotlin/-lets--plot--kotlin/org.jetbrains.letsPlot.stat/stat-y-density/scale.html,0,1,0%,7
https://lets-plot.org/kotlin/-lets--plot--kotlin/org.jetbrains.letsPlot/-geom/pie/alpha.html,0,1,0%,7
https://lets-plot.org/kotlin/-lets--plot--kotlin/org.jetbrains.letsPlot/-geom/text/y.html,0,1,0%,7
https://lets-plot.org/kotlin/api-reference/-lets--plot--kotlin/org.jetbrains.letsPlot.geom/geom-dotplot/method.html,0,1,0%,7
https://lets-plot.org/kotlin/api-reference/-lets--plot--kotlin/org.jetbrains.letsPlot/-geom/boxplot/middle.html,0,1,0%,7
https://lets-plot.org/kotlin/api-reference/-lets--plot--kotlin/org.jetbrains.letsPlot/-geom/crossbar/crossbar.html,0,1,0%,7
https://lets-plot.org/pages/api/lets_plot.flavor_solarized_light.html,0,1,0%,7
https://lets-plot.org/pages/api/lets_plot.tilesets.LETS_PLOT_COLOR.html,0,1,0%,7
https://lets-plot.org/python/pages/api/lets_plot.geo_data.distance.html,0,1,0%,7
https://lets-plot.org/python/pages/api/lets_plot.tilesets.CARTO_DARK_MATTER_NO_LABELS.html,0,1,0%,7
https://lets-plot.org/kotlin/-lets--plot--kotlin/org.jetbrains.letsPlot.scale/scale-identity.html,0,1,0%,8
https://lets-plot.org/kotlin/-lets--plot--kotlin/org.jetbrains.letsPlot/-geom/pointrange/pointrange.html,0,1,0%,8
https://lets-plot.org/kotlin/api-reference/-lets--plot--kotlin/org.jetbrains.letsPlot.geom/geom-crossbar/fill-by.html,0,1,0%,8
https://lets-plot.org/kotlin/api-reference/-lets--plot--kotlin/org.jetbrains.letsPlot.geom/geom-label/size-unit.html,0,1,0%,8
https://lets-plot.org/kotlin/api-reference/-lets--plot--kotlin/org.jetbrains.letsPlot.geom/geom-pie/fill.html,0,1,0%,8
https://lets-plot.org/kotlin/api-reference/-lets--plot--kotlin/org.jetbrains.letsPlot.tooltips/layer-tooltips/disable-splitting.html,0,1,0%,8
https://lets-plot.org/kotlin/api-reference/-lets--plot--kotlin/org.jetbrains.letsPlot/-geom/band/ymin.html,0,1,0%,8
https://lets-plot.org/kotlin/api-reference/-lets--plot--kotlin/org.jetbrains.letsPlot/-geom/tile/height.html,0,1,0%,8
https://lets-plot.org/kotlin/api-reference/-lets--plot--kotlin/org.jetbrains.letsPlot/-stat/density2-d/bins.html,0,1,0%,8
https://lets-plot.org/kotlin/api-reference/-lets--plot--kotlin/org.jetbrains.letsPlot/-stat/y-density/kernel.html,0,1,0%,8
https://lets-plot.org/kotlin/-lets--plot--kotlin/org.jetbrains.letsPlot/-geom/errorbar/ymax.html,0,1,0%,9
https://lets-plot.org/kotlin/api-reference/-lets--plot--kotlin/org.jetbrains.letsPlot.geom/geom-area-ridges/geom-area-ridges.html,0,1,0%,9
https://lets-plot.org/kotlin/api-reference/-lets--plot--kotlin/org.jetbrains.letsPlot.geom/geom-area/size.html,0,1,0%,9
https://lets-plot.org/kotlin/api-reference/-lets--plot--kotlin/org.jetbrains.letsPlot.geom/geom-tile/width.html,0,1,0%,9
https://lets-plot.org/kotlin/api-reference/-lets--plot--kotlin/org.jetbrains.letsPlot.stat/stat-summary-bin/boundary.html,0,1,0%,9
https://lets-plot.org/kotlin/api-reference/-lets--plot--kotlin/org.jetbrains.letsPlot/-geom/band/color.html,0,1,0%,9
https://lets-plot.org/kotlin/api-reference/-lets--plot--kotlin/org.jetbrains.letsPlot/-geom/boxplot/fatten.html,0,1,0%,9
https://lets-plot.org/kotlin/api-reference/-lets--plot--kotlin/org.jetbrains.letsPlot/-stat/boxplot/parameters.html,0,1,0%,9
https://lets-plot.org/pages/api/lets_plot.theme_bw.html,0,1,0%,9
https://lets-plot.org/kotlin/-lets--plot--kotlin/org.jetbrains.letsPlot.bistro.joint/index.html,0,1,0%,10
https://lets-plot.org/kotlin/-lets--plot--kotlin/org.jetbrains.letsPlot/-stat/boxplot-outlier/coef.html,0,1,0%,10
https://lets-plot.org/kotlin/api-reference/-lets--plot--kotlin/org.jetbrains.letsPlot.geom/geom-pie/color-by.html,0,1,0%,10
https://lets-plot.org/kotlin/api-reference/-lets--plot--kotlin/org.jetbrains.letsPlot.geom/geom-raster/fill-by.html,0,1,0%,10
https://lets-plot.org/kotlin/api-reference/-lets--plot--kotlin/org.jetbrains.letsPlot.geom/geom-violin/trim.html,0,1,0%,10
https://lets-plot.org/kotlin/api-reference/-lets--plot--kotlin/org.jetbrains.letsPlot.spatial/-c-r-s-code/index.html,0,1,0%,10
https://lets-plot.org/kotlin/api-reference/-lets--plot--kotlin/org.jetbrains.letsPlot.stat/stat-summary-bin/stroke.html,0,1,0%,10
https://lets-plot.org/kotlin/api-reference/-lets--plot--kotlin/org.jetbrains.letsPlot.stat/stat-summary/linewidth.html,0,1,0%,10
https://lets-plot.org/kotlin/api-reference/-lets--plot--kotlin/org.jetbrains.letsPlot/-geom/segment/size.html,0,1,0%,10
https://lets-plot.org/python/pages/api/lets_plot.tilesets.CARTO_ANTIQUE_HIRES.html,0,1,0%,10
https://lets-plot.org/kotlin/-lets--plot--kotlin/org.jetbrains.letsPlot.geom/geom-pie/alpha.html,0,1,0%,11
https://lets-plot.org/kotlin/-lets--plot--kotlin/org.jetbrains.letsPlot.scale/scale-y-log2.html,0,1,0%,11
https://lets-plot.org/kotlin/api-reference/-lets--plot--kotlin/org.jetbrains.letsPlot.geom/geom-freqpoly/alpha.html,0,1,0%,11
https://lets-plot.org/kotlin/api-reference/-lets--plot--kotlin/org.jetbrains.letsPlot.stat/stat-contour/y.html,0,1,0%,11
https://lets-plot.org/kotlin/api-reference/-lets--plot--kotlin/org.jetbrains.letsPlot.stat/stat-q-q-line/quantiles.html,0,1,0%,11
https://lets-plot.org/kotlin/api-reference/-lets--plot--kotlin/org.jetbrains.letsPlot/-geom/pointrange/index.html,0,1,0%,11
https://lets-plot.org/kotlin/api-reference/-lets--plot--kotlin/org.jetbrains.letsPlot/-stat/dotplot/bins.html,0,1,0%,11
https://lets-plot.org/python/pages/api/lets_plot.geom_qq2_line.html,0,1,0%,11
https://lets-plot.org/python/pages/api/lets_plot.theme_bw.html,0,1,0%,11
https://lets-plot.org/python/pages/api/lets_plot.tilesets.CARTO_FLAT_BLUE_HIRES.html,0,1,0%,11
https://lets-plot.org/kotlin/-lets--plot--kotlin/org.jetbrains.letsPlot.geom/geom-area-ridges/weight.html,0,1,0%,12
https://lets-plot.org/kotlin/api-reference/-lets--plot--kotlin/org.jetbrains.letsPlot/-stat/bin/threshold.html,0,1,0%,12
https://lets-plot.org/kotlin/api-reference/-lets--plot--kotlin/org.jetbrains.letsPlot/-stat/identity.html,0,1,0%,13
https://lets-plot.org/kotlin/-lets--plot--kotlin/org.jetbrains.letsPlot.themes/flavor-solarized-light.html,0,1,0%,14
https://lets-plot.org/kotlin/-lets--plot--kotlin/org.jetbrains.letsPlot.themes/theme-void.html,0,1,0%,14
https://lets-plot.org/kotlin/-lets--plot--kotlin/org.jetbrains.letsPlot.geom/geom-tile/alpha.html,0,1,0%,17
https://lets-plot.org/kotlin/-lets--plot--kotlin/org.jetbrains.letsPlot.stat/stat-contour/bin-width.html,0,1,0%,19
https://lets-plot.org/kotlin/api-reference/-lets--plot--kotlin/org.jetbrains.letsPlot.geom/geom-a-b-line/color.html,0,1,0%,20
https://lets-plot.org/kotlin/api-reference/-lets--plot--kotlin/org.jetbrains.letsPlot.geom/geom-raster/alpha.html,0,1,0%,20
https://lets-plot.org/kotlin/api-reference/-lets--plot--kotlin/org.jetbrains.letsPlot.stat/stat-count/color-by.html,0,1,0%,20
https://lets-plot.org/kotlin/api-reference/-lets--plot--kotlin/org.jetbrains.letsPlot.geom/geom-spoke/color-by.html,0,1,0%,21
https://lets-plot.org/kotlin/api-reference/-lets--plot--kotlin/org.jetbrains.letsPlot.geom/geom-q-q2/size.html,0,1,0%,24
https://lets-plot.org/kotlin/-lets--plot--kotlin/org.jetbrains.letsPlot.bistro.corr/-corr-plot/palette-rd-yl-bu.html,0,1,0%,27
https://lets-plot.org/kotlin/-lets--plot--kotlin/org.jetbrains.letsPlot.geom/geom-pie/x.html,0,1,0%,28
https://lets-plot.org/kotlin/-lets--plot--kotlin/org.jetbrains.letsPlot.stat/stat-summary-bin/color.html,0,1,0%,30
https://lets-plot.org/kotlin/-lets--plot--kotlin/org.jetbrains.letsPlot/-geom/pointrange/size.html,0,1,0%,30
https://lets-plot.org/kotlin/api-reference/-lets--plot--kotlin/org.jetbrains.letsPlot.annotations/layer-labels/size.html,0,1,0%,31
https://lets-plot.org/kotlin/-lets--plot--kotlin/org.jetbrains.letsPlot/-geom/boxplot/lower.html,0,1,0%,32
https://lets-plot.org/kotlin/-lets--plot--kotlin/org.jetbrains.letsPlot.geom/geom-area/linetype.html,0,1,0%,33
https://lets-plot.org/kotlin/-lets--plot--kotlin/org.jetbrains.letsPlot/-stat/bin2-d/index.html,0,1,0%,33
https://lets-plot.org/kotlin/-lets--plot--kotlin/org.jetbrains.letsPlot.geom/geom-area/alpha.html,0,1,0%,34
https://lets-plot.org/kotlin/api-reference/-lets--plot--kotlin/org.jetbrains.letsPlot/-stat/bin2-d/drop.html,0,1,0%,34
https://lets-plot.org/kotlin/-lets--plot--kotlin/org.jetbrains.letsPlot/-geom/segment/color.html,0,1,0%,35
https://lets-plot.org/kotlin/api-reference/-lets--plot--kotlin/org.jetbrains.letsPlot/-stat/density2-d-filled/index.html,0,1,0%,38
https://lets-plot.org/kotlin/api-reference/-lets--plot--kotlin/org.jetbrains.letsPlot/-geom/pie/stroke.html,0,1,0%,40
https://lets-plot.org/kotlin/-lets--plot--kotlin/org.jetbrains.letsPlot.geom/geom-pie/use-c-r-s.html,0,1,0%,42
https://lets-plot.org/kotlin/api-reference/-lets--plot--kotlin/org.jetbrains.letsPlot.themes/element-line.html,0,1,0%,42
https://lets-plot.org/kotlin/-lets--plot--kotlin/org.jetbrains.letsPlot.geom/geom-violin/width.html,0,1,0%,45
https://lets-plot.org/kotlin/api-reference/-lets--plot--kotlin/org.jetbrains.letsPlot.stat/stat-q-q2-line/stat-q-q2-line.html,0,1,0%,45
https://lets-plot.org/kotlin/api-reference/-lets--plot--kotlin/org.jetbrains.letsPlot.geom/geom-segment/yend.html,0,1,0%,51
https://lets-plot.org/kotlin/-lets--plot--kotlin/org.jetbrains.letsPlot.stat/stat-q-q2-line/alpha.html,0,1,0%,58
https://lets-plot.org/kotlin/api-reference/-lets--plot--kotlin/org.jetbrains.letsPlot.sampling/sampling-group-random.html,0,1,0%,58
https://lets-plot.org/kotlin/-lets--plot--kotlin/org.jetbrains.letsPlot.geom/geom-tile/fill.html,0,1,0%,59
https://lets-plot.org/kotlin/api-reference/-lets--plot--kotlin/org.jetbrains.letsPlot.stat/stat-summary-bin/fill.html,0,1,0%,62
https://lets-plot.org/kotlin/-lets--plot--kotlin/org.jetbrains.letsPlot.stat/stat-sum/alpha.html,0,1,0%,66
https://lets-plot.org/kotlin/api-reference/-lets--plot--kotlin/org.jetbrains.letsPlot/-geom/raster/fill.html,0,1,0%,66
https://lets-plot.org/kotlin/api-reference/-lets--plot--kotlin/org.jetbrains.letsPlot.geom/geom-lollipop/y.html,0,1,0%,70
https://lets-plot.org/kotlin/-lets--plot--kotlin/org.jetbrains.letsPlot.sampling/sampling-group-random.html,0,1,0%,71
https://lets-plot.org/kotlin/api-reference/-lets--plot--kotlin/org.jetbrains.letsPlot.geom/geom-violin/size.html,0,1,0%,77
https://lets-plot.org/kotlin/api-reference/-lets--plot--kotlin/org.jetbrains.letsPlot/-stat/boxplot-outlier/coef.html,0,1,0%,77
https://lets-plot.org/kotlin/api-reference/-lets--plot--kotlin/org.jetbrains.letsPlot.geom/geom-dotplot/stroke.html,0,1,0%,78
https://lets-plot.org/kotlin/api-reference/-lets--plot--kotlin/org.jetbrains.letsPlot.geom/geom-line/alpha.html,0,1,0%,82
https://lets-plot.org/kotlin/api-reference/-lets--plot--kotlin/org.jetbrains.letsPlot.geom/geom-tile/fill.html,0,1,0%,83
https://lets-plot.org/kotlin/-lets--plot--kotlin/org.jetbrains.letsPlot/-stat/dotplot/center.html,0,1,0%,85
https://lets-plot.org/kotlin/api-reference/-lets--plot--kotlin/org.jetbrains.letsPlot.geom/geom-jitter/y.html,0,1,0%,87
https://lets-plot.org/kotlin/api-reference/-lets--plot--kotlin/org.jetbrains.letsPlot.geom/geom-histogram/boundary.html,0,1,0%,89
https://lets-plot.org/kotlin/api-reference/-lets--plot--kotlin/org.jetbrains.letsPlot.stat/stat-density/bw.html,0,1,0%,90
https://lets-plot.org/kotlin/-lets--plot--kotlin/org.jetbrains.letsPlot.geom/geom-histogram/bin-width.html,0,1,0%,91
https://lets-plot.org/kotlin/-lets--plot--kotlin/org.jetbrains.letsPlot.geom/geom-area-ridges/size.html,0,1,0%,94
https://lets-plot.org/kotlin/api-reference/-lets--plot--kotlin/org.jetbrains.letsPlot.geom/geom-violin/fill.html,0,1,0%,94
https://lets-plot.org/kotlin/api-reference/-lets--plot--kotlin/org.jetbrains.letsPlot/-geom/boxplot/color-by.html,0,1,0%,96