iso_a2,iso_a3,name_1,name_2
AD,AND,Andorra,
AE,ARE,United Arab Emirates,
AF,AFG,Afghanistan,
AG,ATG,Antigua and Barbuda,
AI,AIA,Anguilla,
AL,ALB,Albania,
AM,ARM,Armenia,
AN,ANT,Netherlands Antilles,
AO,AGO,Angola,
AQ,ATA,Antarctica,
AR,ARG,Argentina,
AS,ASM,American Samoa,
AT,AUT,Austria,
AU,AUS,Australia,
AW,ABW,Aruba,
AX,ALA,Aland Islands,
AZ,AZE,Azerbaijan,
BA,BIH,Bosnia and Herzegovina,Bosnia and Herz.
BB,BRB,Barbados,
BD,BGD,Bangladesh,
BE,BEL,Belgium,
BF,BFA,Burkina Faso,
BG,BGR,Bulgaria,
BH,BHR,Bahrain,
BI,BDI,Burundi,
BJ,BEN,Benin,
BL,BLM,Saint Barthelemy,
BM,BMU,Bermuda,
BN,BRN,Brunei Darussalam,Brunei
BO,BOL,"Bolivia, Plurinational State of",Bolivia
BR,BRA,Brazil,
BS,BHS,Bahamas,
BT,BTN,Bhutan,
BV,BVT,Bouvet Island,
BW,BWA,Botswana,
BY,BLR,Belarus,
BZ,BLZ,Belize,
CA,CAN,Canada,
CC,CCK,Cocos (Keeling) Islands,
CD,COD,"Congo, the Democratic Republic of the",Dem. Rep. Congo
CF,CAF,Central African Republic,Central African Rep.
CG,COG,Congo,
CH,CHE,Switzerland,
CI,CIV,Cote d'Ivoire,CÃ´te d'Ivoire
CK,COK,Cook Islands,
CL,CHL,Chile,
CM,CMR,Cameroon,
CN,CHN,China,
CO,COL,Colombia,
CR,CRI,Costa Rica,
CU,CUB,Cuba,
CV,CPV,Cape Verde,
CX,CXR,Christmas Island,
CY,CYP,Cyprus,
CZ,CZE,Czech Republic,Czechia
DE,DEU,Germany,
DJ,DJI,Djibouti,
DK,DNK,Denmark,
DM,DMA,Dominica,
DO,DOM,Dominican Republic,Dominican Rep.
DZ,DZA,Algeria,
EC,ECU,Ecuador,
EE,EST,Estonia,
EG,EGY,Egypt,
EH,ESH,Western Sahara,W. Sahara
ER,ERI,Eritrea,
ES,ESP,Spain,
ET,ETH,Ethiopia,
FI,FIN,Finland,
FJ,FJI,Fiji,
FK,FLK,Falkland Islands (Malvinas),Falkland Is.
FM,FSM,"Micronesia, Federated States of",
FO,FRO,Faroe Islands,
FR,FRA,France,
GA,GAB,Gabon,
GB,GBR,United Kingdom,
GD,GRD,Grenada,
GE,GEO,Georgia,
GF,GUF,French Guiana,
GG,GGY,Guernsey,
GH,GHA,Ghana,
GI,GIB,Gibraltar,
GL,GRL,Greenland,
GM,GMB,Gambia,
GN,GIN,Guinea,
GP,GLP,Guadeloupe,
GQ,GNQ,Equatorial Guinea,Eq. Guinea
GR,GRC,Greece,
GS,SGS,South Georgia and the South Sandwich Islands,
GT,GTM,Guatemala,
GU,GUM,Guam,
GW,GNB,Guinea-Bissau,
GY,GUY,Guyana,
HK,HKG,Hong Kong,
HM,HMD,Heard Island and McDonald Islands,
HN,HND,Honduras,
HR,HRV,Croatia,
HT,HTI,Haiti,
HU,HUN,Hungary,
ID,IDN,Indonesia,
IE,IRL,Ireland,
IL,ISR,Israel,
IM,IMN,Isle of Man,
IN,IND,India,
IO,IOT,British Indian Ocean Territory,
IQ,IRQ,Iraq,
IR,IRN,"Iran, Islamic Republic of",Iran
IS,ISL,Iceland,
IT,ITA,Italy,
JE,JEY,Jersey,
JM,JAM,Jamaica,
JO,JOR,Jordan,
JP,JPN,Japan,
KE,KEN,Kenya,
KG,KGZ,Kyrgyzstan,
KH,KHM,Cambodia,
KI,KIR,Kiribati,
KM,COM,Comoros,
KN,KNA,Saint Kitts and Nevis,
KP,PRK,"Korea, Democratic People's Republic of",North Korea
KR,KOR,"Korea, Republic of",South Korea
KW,KWT,Kuwait,
KY,CYM,Cayman Islands,
KZ,KAZ,Kazakhstan,
LA,LAO,Lao People's Democratic Republic,Laos
LB,LBN,Lebanon,
LC,LCA,Saint Lucia,
LI,LIE,Liechtenstein,
LK,LKA,Sri Lanka,
LR,LBR,Liberia,
LS,LSO,Lesotho,
LT,LTU,Lithuania,
LU,LUX,Luxembourg,
LV,LVA,Latvia,
LY,LBY,Libyan Arab Jamahiriya,Libya
MA,MAR,Morocco,
MC,MCO,Monaco,
MD,MDA,"Moldova, Republic of",Moldova
ME,MNE,Montenegro,
MF,MAF,Saint Martin (French part),
MG,MDG,Madagascar,
MH,MHL,Marshall Islands,
MK,MKD,"Macedonia, the former Yugoslav Republic of",Macedonia
ML,MLI,Mali,
MM,MMR,Myanmar,
MN,MNG,Mongolia,
MO,MAC,Macao,
MP,MNP,Northern Mariana Islands,
MQ,MTQ,Martinique,
MR,MRT,Mauritania,
MS,MSR,Montserrat,
MT,MLT,Malta,
MU,MUS,Mauritius,
MV,MDV,Maldives,
MW,MWI,Malawi,
MX,MEX,Mexico,
MY,MYS,Malaysia,
MZ,MOZ,Mozambique,
NC,NCL,New Caledonia,
NE,NER,Niger,
NF,NFK,Norfolk Island,
NG,NGA,Nigeria,
NI,NIC,Nicaragua,
NL,NLD,Netherlands,
NO,NOR,Norway,
NP,NPL,Nepal,
NR,NRU,Nauru,
NU,NIU,Niue,
NZ,NZL,New Zealand,
OM,OMN,Oman,
PA,PAN,Panama,
PE,PER,Peru,
PF,PYF,French Polynesia,
PG,PNG,Papua New Guinea,
PH,PHL,Philippines,
PK,PAK,Pakistan,
PL,POL,Poland,
PM,SPM,Saint Pierre and Miquelon,
PN,PCN,Pitcairn,
PR,PRI,Puerto Rico,
PS,PSE,"Palestinian Territory, Occupied",Palestine
PT,PRT,Portugal,
PW,PLW,Palau,
PY,PRY,Paraguay,
QA,QAT,Qatar,
RE,REU,Reunion,
RO,ROU,Romania,
RS,SRB,Serbia,
RU,RUS,Russian Federation,Russia
RW,RWA,Rwanda,
SA,SAU,Saudi Arabia,
SB,SLB,Solomon Islands,Solomon Is.
SC,SYC,Seychelles,
SD,SDN,Sudan,
SE,SWE,Sweden,
SG,SGP,Singapore,
SH,SHN,"Saint Helena, Ascension and Tristan da Cunha",
SI,SVN,Slovenia,
SJ,SJM,Svalbard and Jan Mayen,
SK,SVK,Slovakia,
SL,SLE,Sierra Leone,
SM,SMR,San Marino,
SN,SEN,Senegal,
SO,SOM,Somalia,
SR,SUR,Suriname,
ST,STP,Sao Tome and Principe,
SV,SLV,El Salvador,
SY,SYR,Syrian Arab Republic,Syria
SZ,SWZ,Swaziland,eSwatini
TC,TCA,Turks and Caicos Islands,
TD,TCD,Chad,
TF,ATF,French Southern Territories,Fr. S. Antarctic Lands
TG,TGO,Togo,
TH,THA,Thailand,
TJ,TJK,Tajikistan,
TK,TKL,Tokelau,
TL,TLS,Timor-Leste,
TM,TKM,Turkmenistan,
TN,TUN,Tunisia,
TO,TON,Tonga,
TR,TUR,Turkey,
TT,TTO,Trinidad and Tobago,
TV,TUV,Tuvalu,
TW,TWN,"Taiwan, Province of China",Taiwan
TZ,TZA,"Tanzania, United Republic of",Tanzania
UA,UKR,Ukraine,
UG,UGA,Uganda,
UM,UMI,United States Minor Outlying Islands,
US,USA,United States,United States of America
UY,URY,Uruguay,
UZ,UZB,Uzbekistan,
VA,VAT,Holy See (Vatican City State),
VC,VCT,Saint Vincent and the Grenadines,
VE,VEN,"Venezuela, Bolivarian Republic of",Venezuela
VG,VGB,"Virgin Islands, British",
VI,VIR,"Virgin Islands, U.S.",
VN,VNM,Viet Nam,Vietnam
VU,VUT,Vanuatu,
WF,WLF,Wallis and Futuna,
WS,WSM,Samoa,
YE,YEM,Yemen,
YT,MYT,Mayotte,
ZA,ZAF,South Africa,
ZM,ZMB,Zambia,
ZW,ZWE,Zimbabwe,
